-- phpMyAdmin SQL Dump
-- version 4.7.7
-- https://www.phpmyadmin.net/
--
-- Host: 127.0.0.1
-- Generation Time: Jan 07, 2020 at 07:03 AM
-- Server version: 10.1.30-MariaDB
-- PHP Version: 7.2.2

SET SQL_MODE = "NO_AUTO_VALUE_ON_ZERO";
SET AUTOCOMMIT = 0;
START TRANSACTION;
SET time_zone = "+00:00";


/*!40101 SET @OLD_CHARACTER_SET_CLIENT=@@CHARACTER_SET_CLIENT */;
/*!40101 SET @OLD_CHARACTER_SET_RESULTS=@@CHARACTER_SET_RESULTS */;
/*!40101 SET @OLD_COLLATION_CONNECTION=@@COLLATION_CONNECTION */;
/*!40101 SET NAMES utf8mb4 */;

--
-- Database: `jeffoffsroad3`
--

-- --------------------------------------------------------

--
-- Table structure for table `brand`
--

CREATE TABLE `brand` (
  `brand_id` int(11) NOT NULL,
  `name` varchar(255) NOT NULL
) ENGINE=MyISAM DEFAULT CHARSET=latin1;

--
-- Dumping data for table `brand`
--

INSERT INTO `brand` (`brand_id`, `name`) VALUES
(1, 'Microtex'),
(2, 'Prochoice'),
(3, 'Glaz');

-- --------------------------------------------------------

--
-- Table structure for table `category`
--

CREATE TABLE `category` (
  `category_id` int(11) NOT NULL,
  `category_name` varchar(255) COLLATE utf8mb4_unicode_ci NOT NULL
) ENGINE=InnoDB DEFAULT CHARSET=utf8mb4 COLLATE=utf8mb4_unicode_ci;

--
-- Dumping data for table `category`
--

INSERT INTO `category` (`category_id`, `category_name`) VALUES
(1, 'Wheel Rims'),
(2, 'Wheel Tires'),
(3, 'Suspension'),
(4, 'Oils'),
(5, 'Accessories'),
(6, 'Detailing Products');

-- --------------------------------------------------------

--
-- Table structure for table `clients`
--

CREATE TABLE `clients` (
  `client_id` int(11) UNSIGNED NOT NULL,
  `firstname` varchar(255) COLLATE utf8mb4_unicode_ci NOT NULL,
  `lastname` varchar(255) COLLATE utf8mb4_unicode_ci NOT NULL,
  `contact_no` bigint(11) NOT NULL,
  `client_age` int(3) NOT NULL,
  `email` varchar(255) COLLATE utf8mb4_unicode_ci NOT NULL,
  `created_at` timestamp NULL DEFAULT NULL,
  `updated_at` timestamp NULL DEFAULT NULL
) ENGINE=InnoDB DEFAULT CHARSET=utf8mb4 COLLATE=utf8mb4_unicode_ci;

--
-- Dumping data for table `clients`
--

INSERT INTO `clients` (`client_id`, `firstname`, `lastname`, `contact_no`, `client_age`, `email`, `created_at`, `updated_at`) VALUES
(0, 'Isabelle', 'Bernier', 9506314935, 37, 'qadams@example.com', '1998-09-11 08:58:26', '1973-11-18 21:11:09'),
(3, 'Nicholas', 'Ebert', 9215556968, 56, 'stephania76@gmail.com', '2011-10-19 00:13:19', '1983-02-25 07:16:53'),
(4, 'Yazmin', 'Bruen', 9295550504, 28, 'ggorczany@gmail.com', '1988-11-14 21:32:35', '1987-07-06 06:05:08'),
(5, 'Cale', 'Volkman', 9215551117, 40, 'torp.gene@gmail.com', '1999-10-30 07:48:33', '2000-02-10 10:31:53'),
(6, 'Nyah', 'Keebler', 9195255150, 32, 'opredovic@gmail.com', '1974-06-19 10:26:01', '1972-02-13 02:08:01'),
(7, 'Shanel', 'Mann', 9195551504, 32, 'ortiz.guy@egmail.com', '1980-08-10 11:24:29', '2012-01-25 07:20:49'),
(8, 'Pamela', 'Schamberger', 9215556963, 33, 'maxime.hauck@gmail.com', '1971-08-30 19:07:38', '1988-02-23 10:57:51'),
(9, 'Olen', 'Buckridge', 9195551519, 70, 'konopelski.julia@yahoo.com', '2004-05-21 21:54:04', '1996-11-24 18:58:28'),
(10, 'Eleanora', 'Sauer', 9195551519, 26, 'hanna.douglas@yahoo.com', '2006-01-18 20:37:28', '1987-06-10 08:46:42'),
(11, 'Woodrow', 'Bode', 9215551124, 41, 'karianne.emmerich@gmail.com', '1994-10-25 15:00:59', '1992-06-15 17:30:07'),
(12, 'Lucy', 'Tremblay', 9195321512, 35, 'stark.tre@example.com', '2015-01-29 05:30:28', '2017-09-01 22:27:15'),
(13, 'Kiana', 'Bartell', 9294550427, 50, 'erika52@gmail.com', '2014-08-10 13:41:00', '1999-04-23 07:58:10'),
(14, 'Agnes', 'Kozey', 9294550427, 42, 'aeichmann@yahoo.com', '1997-03-18 04:52:13', '2016-09-29 07:29:37'),
(15, 'Dexter', 'Davis', 9193351423, 58, 'farrell.rosanna@gmail.com', '2019-01-25 09:14:05', '2009-04-17 09:08:00'),
(16, 'Abdul', 'Corwin', 9193351423, 22, 'avis15@gmail.com', '1996-04-25 09:46:09', '1987-08-31 01:36:57'),
(17, 'Rosa', 'Walsh', 9280557934, 31, 'jmarvin@yahoo.com', '1973-04-18 05:31:49', '1989-05-11 06:45:27'),
(18, 'Clementine', 'Gusikowski', 9295550511, 65, 'chelsie79@example.com', '1974-04-22 04:49:54', '1980-01-23 12:11:29'),
(19, 'Chet', 'Kovacek', 9296780521, 30, 'leanna91@gmail.com', '1982-11-12 02:40:31', '2010-11-06 16:45:11'),
(20, 'Dell', 'Beahan', 9195559866, 81, 'pziemann@gmail.com', '1988-03-31 18:41:44', '2009-05-13 14:15:27'),
(21, 'Yvonne', 'Jacobson', 9285557941, 55, 'pfeffer.uriel@gmail.com', '1992-11-10 02:43:11', '1973-04-12 12:30:49'),
(22, 'Candido', 'Fisher', 9215552217, 24, 'alan38@gmail.com', '1985-09-18 11:15:20', '2013-02-19 12:10:59'),
(23, 'Chadd', 'Okuneva', 9215556962, 21, 'blanda.rosalia@gmail.com', '1999-09-29 13:52:21', '1981-09-26 11:52:16'),
(24, 'Juliana', 'Robel', 9195272543, 46, 'swift.burdette@gmail.com', '1978-07-14 15:17:34', '1983-09-08 22:18:08'),
(25, 'Mittie', 'Weissnat', 9197771225, 61, 'helene.senger@gmail.com', '2011-07-27 03:53:58', '2013-06-19 02:54:28'),
(26, 'Taryn', 'Koss', 9215234963, 18, 'rosanna48@gmail.com', '1981-06-16 12:55:36', '1998-08-05 08:21:05'),
(27, 'Karolann', 'Donnelly', 9195435451, 45, 'boehm.miller@gmail.com', '2001-06-05 04:35:09', '1983-04-14 22:59:59'),
(28, 'Devin', 'Lebsack', 9235550230, 19, 'blick.modesta@yahoo.com', '2014-04-22 17:14:03', '2010-02-19 11:43:40'),
(29, 'Helga', 'Spencer', 9215257070, 74, 'modesta25@gmail.com', '1971-07-12 16:31:46', '1974-06-24 19:23:13'),
(30, 'Kaitlyn', 'Dach', 9214327777, 43, 'myrl.lakin@example.com', '2003-04-04 00:01:48', '1985-03-26 03:21:11'),
(31, 'Leann', 'Aufderhar', 9563350504, 27, 'morgan79@yahoo.com', '1988-07-02 04:15:39', '2013-12-19 02:45:04'),
(32, 'Johnpaul', 'Feest', 9192341505, 51, 'rlarson@example.net', '1975-04-30 13:13:43', '1994-11-02 10:00:48'),
(33, 'Chet', 'Leannon', 9214559681, 53, 'lucile.stoltenberg@gmail.com', '2001-07-05 19:08:31', '2009-03-11 08:03:48'),
(34, 'Emerald', 'Romaguera', 9215887956, 33, 'durgan.dagmar@yahoo.com', '2010-11-10 09:02:30', '1988-03-30 15:37:25'),
(35, 'Angie', 'Mills', 9215420120, 26, 'kub.ally@gmail.com', '1979-12-06 00:13:28', '1986-11-07 11:13:32'),
(36, 'Gaston', 'Collier', 9211156456, 87, 'miller.meghan@gmail.com', '1974-02-24 01:02:21', '2007-01-25 13:39:26'),
(37, 'Alf', 'Mills', 9217856964, 32, 'daphney.kuhn@yahoo.com', '1979-06-19 07:52:03', '1998-02-24 21:58:55'),
(38, 'Robert', 'Windler', 9211452970, 22, 'jamal37@gmail.com', '1978-01-11 15:39:54', '2016-10-28 18:42:15'),
(39, 'Chaz', 'Beier', 9216786968, 21, 'zaria.paucek@gmail.com', '2014-09-28 21:47:36', '1974-06-21 13:32:51'),
(40, 'Tyson', 'Powlowski', 9291460504, 86, 'bashirian.dolly@gmail.com', '1986-03-15 13:20:48', '1994-09-16 11:03:58'),
(41, 'Mollie', 'Bahringer', 9101459285, 25, 'hermann.celine@gmail.com', '1971-07-14 11:39:20', '2016-03-13 06:05:55'),
(42, 'Aubrey', 'Walsh', 9071148314, 44, 'igutkowski@gmail.com', '1985-05-11 04:33:37', '1979-08-09 04:16:41'),
(43, 'Abbey', 'Prohaska', 9214373451, 23, 'imccullough@gmail.com', '1974-07-11 04:24:28', '2002-02-27 22:34:34'),
(44, 'Assunta', 'Brakus', 9194411423, 28, 'merl19@gmail.com', '1983-12-27 02:38:56', '1985-06-15 02:48:20'),
(45, 'Zella', 'Wuckert', 9235545982, 45, 'serenity.ferry@gmail.com', '2014-10-12 20:04:08', '1997-12-28 21:57:51'),
(46, 'Nora', 'McDermott', 9233554691, 76, 'ppfeffer@yahoo.com', '1987-02-05 18:37:13', '1973-03-08 15:43:23'),
(47, 'Braxton', 'Ledner', 9123456789, 58, 'rippin.hailey@gmail.com', '2003-01-06 08:21:17', '1990-07-21 08:42:50'),
(48, 'Eliezer', 'Kuhlman', 9226780898, 59, 'morton.sawayn@gmail.com', '1988-08-03 20:37:54', '1997-03-01 07:43:29'),
(49, 'Olaf', 'Swaniawski', 9197893774, 33, 'ufarrell@gmail.com', '2003-03-25 10:54:15', '1999-07-28 17:20:27'),
(50, 'Kaylin', 'Bartoletti', 9329877241, 77, 'baumbach.eldora@gmail.com', '2001-08-24 11:15:00', '1997-07-02 12:56:02'),
(51, 'Alessia', 'Fritsch', 9016517258, 22, 'erling73@gmail.com', '2018-06-07 10:58:40', '2017-06-01 04:16:39'),
(52, 'Nicolette', 'Rogahn', 9105670285, 61, 'chelsey.jacobson@gmail.com', '1980-05-19 17:04:35', '1984-03-02 16:43:11'),
(53, 'Nola', 'Spencer', 9143547698, 85, 'jamil.cummings@gmail.com', '1980-08-07 15:47:02', '1991-04-10 09:19:22'),
(54, 'Selina', 'Yundt', 9214571404, 71, 'ngrady@gmail.com', '1978-11-05 20:19:36', '2001-10-20 11:34:16'),
(55, 'Talon', 'Weber', 9145932503, 27, 'marcelina.hansen@gmail.com', '1983-07-11 03:06:57', '1994-05-07 20:40:04'),
(56, 'Genesis', 'Ebert', 9790342191, 0, 'torrey.herman@gmail.com', '2006-10-21 11:30:52', '2005-09-14 05:09:59'),
(57, 'Brant', 'Kuphal', 9754875689, 32, 'bartholome75@gmail.com', '1981-08-13 23:58:45', '1972-07-21 21:07:37'),
(58, 'Luciano', 'Hyatt', 9478544364, 33, 'lorine96@gmail.com', '1992-11-27 03:32:51', '2014-01-11 12:02:15'),
(59, 'Icie', 'Block', 9079138550, 91, 'nia.bashirian@gmail.com', '1970-07-01 01:09:05', '2002-04-29 23:18:27'),
(60, 'Lambert', 'Torp', 9602490766, 31, 'rosetta.hodkiewicz@gmail.com', '1995-09-06 07:59:51', '2015-01-17 00:38:02'),
(61, 'Kellie', 'Cruickshank', 9104457407, 54, 'dibert.emerson@gmail.com', '1988-05-29 04:23:45', '1982-05-03 10:03:51'),
(62, 'Sterling', 'Toy', 9928638521, 20, 'tbotsford@gmail.com', '2007-10-03 01:10:35', '2001-11-25 11:27:12'),
(63, 'Christopher', 'Mraz', 9655976041, 64, 'schuppe.dawson@gmail.com', '1995-08-02 18:16:04', '2002-09-24 18:19:47'),
(64, 'Lilly', 'Schumm', 9424269754, 91, 'wilhelmine89@gmail.com', '2016-08-11 21:08:45', '2015-09-11 01:59:56'),
(65, 'River', 'Spencer', 9851251857, 45, 'jkozey@gmail.com', '1983-08-21 17:25:20', '1994-02-27 19:59:16'),
(66, 'Laisha', 'Stoltenberg', 9581043289, 23, 'thelma73@gmail.com', '1999-01-13 17:23:19', '2017-01-06 10:12:56'),
(67, 'Emmet', 'Feest', 9804464038, 53, 'dusty05@gmail.com', '1998-08-04 08:30:44', '1973-01-02 06:31:02'),
(68, 'Devante', 'Keebler', 9392371004, 81, 'chester11@gmail.com', '1994-05-30 04:56:22', '1972-11-28 04:18:55'),
(69, 'Jessika', 'Considine', 9343550606, 27, 'otilia85@gmail.com', '1974-04-14 18:56:46', '1998-11-17 02:30:19'),
(70, 'Jamarcus', 'Reichel', 9284727139, 58, 'dhaley@gmail.com', '1973-02-01 11:06:20', '2005-08-28 23:02:30'),
(71, 'Juliana', 'Bogisich', 9105777987, 43, 'tremblay.madge@gmail.com', '1973-03-18 21:20:35', '1985-12-03 12:33:21'),
(72, 'Ocie', 'Medhurst', 9753603254, 46, 'aubrey76@gmail.com', '2002-10-22 19:16:02', '1983-05-08 01:28:49'),
(73, 'Jodie', 'Reynolds', 9948900700, 43, 'christine.muller@gmail.com', '1997-01-11 19:51:11', '2000-08-08 16:02:30'),
(74, 'Sean', 'Pacocha', 9648680023, 72, 'violet.brekke@gmail.com', '2013-10-01 15:14:45', '2005-04-01 06:52:02'),
(75, 'Mateo', 'Anderson', 9612932167, 34, 'cbednar@gmail.com', '2012-10-18 18:37:20', '1981-09-08 14:28:29'),
(76, 'Hadley', 'Stehr', 9705735868, 38, 'rhoda47@egmail.com', '1991-09-14 14:36:15', '1979-03-16 12:54:17'),
(77, 'Arvilla', 'DuBuque', 9162548522, 66, 'bridie59@gmail.com', '1997-11-25 20:35:15', '1991-05-06 09:22:43'),
(78, 'Darrell', 'Keebler', 9512736968, 45, 'goodwin.eusebio@gmail.com', '1988-06-06 17:33:45', '1986-03-04 00:28:10'),
(79, 'Gino', 'Swift', 9937323635, 39, 'ctromp@gmail.com', '1983-02-08 11:37:56', '1989-02-08 15:02:41'),
(80, 'Evie', 'Stoltenberg', 9188678443, 46, 'damien85@gmail.com', '2018-09-05 11:15:53', '1994-10-28 13:49:49'),
(81, 'George', 'Nienow', 9810146559, 37, 'tquitzon@gmail.com', '1973-11-24 09:28:56', '2005-02-27 16:37:50'),
(82, 'Vivien', 'Crist', 9021658778, 68, 'ziemann.bernardo@gmail.com', '2004-03-18 13:39:46', '1979-11-30 21:24:02'),
(83, 'Winfield', 'Auer', 9820976200, 72, 'tia.grady@gmail.com', '1984-03-03 02:47:00', '2006-10-02 19:07:39'),
(84, 'Amalia', 'Fisher', 9997192477, 59, 'jayme.hyatt@gmail.com', '1982-08-22 19:33:33', '2016-09-12 10:18:18'),
(85, 'Jonathon', 'Wyman', 9593195125, 57, 'cormier.major@gmail.com', '2017-04-17 04:13:39', '1985-03-27 01:18:20'),
(86, 'Amaya', 'Kuhlman', 9259810613, 51, 'ubaldo05@gmail.com', '2009-11-02 17:43:56', '2011-05-11 21:32:51'),
(87, 'Jaida', 'Metz', 9710906192, 36, 'favian31@gmail.com', '1979-02-07 23:59:08', '1976-12-24 07:30:45'),
(88, 'Bette', 'Denesik', 9433132834, 55, 'kerluke.sofia@gmail.com', '1985-04-26 06:47:03', '1977-02-16 16:50:35'),
(89, 'Yadira', 'Schuster', 9524902702, 53, 'kavon.gerhold@egmail.com', '1972-08-24 02:28:36', '1970-12-03 08:57:11'),
(90, 'Kieran', 'Goyette', 9882087047, 72, 'ujohns@egmail.com', '1981-02-08 18:23:32', '1996-04-10 21:05:43'),
(91, 'Charity', 'Hickle', 9737994787, 23, 'iking@gmail.com', '2003-10-31 21:26:47', '2000-04-04 03:40:20'),
(92, 'Ramiro', 'Toy', 9665427883, 45, 'glindgren@gmail.com', '1972-11-20 07:50:44', '2001-12-17 00:57:33'),
(93, 'Tad', 'Rath', 9369880901, 67, 'jolie35@gmail.com', '1997-08-02 22:40:22', '1982-05-22 15:55:24'),
(94, 'Alessandra', 'Anderson', 9707560316, 32, 'joshua.kub@gmail.com', '1985-11-14 20:30:27', '1985-08-31 02:17:19'),
(95, 'Jamie', 'Hahn', 9807044900, 43, 'zachary55@gmail.com', '1989-05-01 21:43:07', '1980-03-07 19:44:53'),
(96, 'Einar', 'Vandervort', 9402407262, 54, 'lizzie.borer@gmail.com', '1993-10-31 00:09:45', '1980-08-18 17:29:13'),
(97, 'Else', 'Wyman', 9137054241, 21, 'rebeca.wilkinson@gmail.com', '1993-12-18 05:39:02', '1996-09-05 00:17:00'),
(98, 'Erin', 'Ebert', 9688332448, 50, 'swaniawski.haleigh@gmail.com', '2010-05-16 11:30:04', '1997-10-02 02:58:25'),
(99, 'Nicole', 'Champlin', 9993424360, 41, 'fbraun@gmail.com', '1981-12-11 06:46:32', '2009-12-02 07:56:53'),
(100, 'Athena', 'Aufderhar', 9321739220, 23, 'randall06@gmail.com', '1971-09-16 12:50:34', '1974-02-08 21:25:17'),
(101, 'Alfred', 'Huels', 9410704669, 27, 'harley66@gmail.com', '1986-09-15 20:45:39', '2011-07-01 10:07:42'),
(102, 'Anika', 'Lesch', 1, 65505003, 'cora26@example.org', '1972-03-21 10:26:45', '1979-10-21 13:55:46'),
(103, 'Julius', 'Gislason', 0, 55523, 'kieran21@example.net', '1970-08-22 04:57:08', '2001-09-05 19:58:48'),
(104, 'Lillian', 'Grant', 709, 9234710, 'kelli93@example.org', '1978-02-01 12:48:15', '2004-01-13 21:37:09'),
(105, 'Keshawn', 'DuBuque', 141, 96, 'mhowell@example.org', '1970-03-12 19:00:58', '1971-03-26 22:23:26'),
(106, 'Chandler', 'Pagac', 50289, 5, 'stracke.gaylord@example.com', '1970-02-26 08:27:01', '2002-05-04 19:48:11'),
(107, 'Willa', 'Tillman', 0, 85, 'adan70@example.net', '2018-07-21 10:22:58', '2018-09-27 02:45:57'),
(108, 'Alaina', 'Jenkins', 427835, 0, 'tate91@example.org', '1986-05-16 23:13:05', '2012-03-31 17:33:28'),
(109, 'Anastacio', 'Lehner', 0, 73, 'malika03@example.org', '1990-12-06 08:32:52', '1982-12-17 10:25:05'),
(110, 'Augustine', 'Collier', 0, 66, 'gutkowski.vivienne@example.com', '1987-06-15 08:06:26', '1978-11-15 22:03:54'),
(111, 'Elaina', 'Hahn', 0, 52845219, 'aniyah13@example.net', '2003-12-21 19:28:32', '2017-04-09 00:43:06'),
(112, 'Cleta', 'Mosciski', 0, 9005, 'emitchell@example.org', '2010-12-26 17:44:20', '2000-07-15 03:17:59'),
(113, 'Cecile', 'Harvey', 944, 9020083, 'gottlieb.ellis@example.com', '1971-11-18 18:31:05', '1996-05-16 02:09:41'),
(114, 'Maria', 'Schuppe', 1, 563521, 'vpagac@example.net', '1999-08-13 17:32:21', '2015-03-06 15:58:19'),
(115, 'Eliane', 'Boyer', 928047, 6, 'karolann58@example.com', '1990-12-14 23:55:44', '1974-08-11 04:42:03'),
(116, 'Shemar', 'Gerlach', 728137, 0, 'jeff.waters@example.net', '1988-11-09 23:28:16', '1996-02-20 15:39:38'),
(117, 'Caesar', 'Borer', 1, 48, 'yfritsch@example.net', '2013-02-02 15:01:41', '2012-06-02 07:48:47'),
(118, 'Kayli', 'Jacobi', 309988, 413800, 'jan.durgan@example.org', '2004-03-17 06:41:27', '1999-12-27 17:15:40'),
(119, 'Fay', 'Welch', 1, 7155447, 'leslie15@example.net', '2000-02-12 00:12:38', '2013-05-15 12:00:55'),
(120, 'Lola', 'Ratke', 0, 449173972, 'xwelch@example.org', '1978-06-14 17:15:04', '1988-03-21 06:57:38'),
(121, 'Sienna', 'Bode', 0, 8, 'jessy98@example.net', '2019-05-15 02:07:57', '1970-01-27 17:01:05'),
(122, 'Lauriane', 'Bogisich', 1, 0, 'oberbrunner.gloria@example.net', '2016-07-02 05:17:31', '1990-02-13 05:40:08'),
(123, 'Layla', 'Roob', 215791, 32660, 'mathilde.hermann@example.net', '2018-05-02 20:11:37', '1998-09-20 04:27:52'),
(124, 'Oma', 'Zieme', 1, 0, 'jhintz@example.net', '1977-01-08 00:29:22', '1991-04-03 11:22:36'),
(125, 'Maddison', 'Halvorson', 516, 174, 'tmonahan@example.org', '1995-03-24 06:59:42', '2005-02-18 02:46:29'),
(126, 'Newton', 'Nicolas', 0, 7, 'eugenia.dietrich@example.net', '1974-04-05 12:26:37', '1976-01-29 20:18:14'),
(127, 'Webster', 'Heller', 0, 14, 'hpagac@example.org', '1984-01-16 23:34:45', '2011-02-04 08:21:31'),
(128, 'Marjorie', 'Rutherford', 205992, 3314, 'buddy49@example.com', '1978-04-03 23:10:18', '1993-09-02 16:53:34'),
(129, 'Jeremy', 'Leuschke', 254007, 3, 'tia.rowe@example.org', '2015-06-09 12:14:21', '1990-08-05 22:55:47'),
(130, 'Jordi', 'Rutherford', 0, 175407981, 'harvey84@example.net', '2016-01-15 03:26:05', '1971-02-17 12:46:27'),
(131, 'Greg', 'McKenzie', 8388607, 54, 'columbus.johnston@example.net', '1990-10-22 03:58:05', '2019-05-23 17:09:43'),
(132, 'Anabelle', 'VonRueden', 1, 8, 'trey.koss@example.net', '1992-10-11 21:28:34', '1970-10-29 16:49:53'),
(133, 'Olaf', 'McClure', 101987, 0, 'vsporer@example.com', '1984-11-01 10:30:06', '2018-05-05 22:39:12'),
(134, 'Gerda', 'Orn', 185, 467770, 'shane76@example.org', '1970-11-25 01:15:25', '2003-05-30 14:38:20'),
(135, 'Ophelia', 'Goldner', 0, 0, 'lois.will@example.net', '2009-07-17 13:33:54', '1974-06-21 00:03:01'),
(136, 'Ethelyn', 'Ebert', 423313, 1, 'kyle84@example.net', '2018-10-20 10:22:51', '1990-01-27 11:27:52'),
(137, 'Henry', 'Ortiz', 500414, 8902413, 'lynch.natalie@example.com', '2008-08-07 07:07:54', '1989-12-30 19:49:28'),
(138, 'Fredrick', 'Reichel', 0, 0, 'qleuschke@example.com', '2017-08-26 00:33:43', '1972-08-09 09:38:49'),
(139, 'Otto', 'Rath', 1, 1611, 'hahn.murray@example.org', '1997-11-17 03:20:34', '1985-02-12 15:06:30'),
(140, 'Christian', 'Koepp', 1, 27222, 'mccullough.ines@example.com', '1986-04-13 11:56:23', '1996-10-29 10:51:00'),
(141, 'Aubrey', 'Blanda', 250907, 90558375, 'bailey.sigurd@example.net', '1971-01-21 16:46:30', '2016-08-12 11:50:25'),
(142, 'Marlen', 'Berge', 683, 93170783, 'brent.mraz@example.com', '1993-11-14 14:42:09', '1977-02-08 01:49:35'),
(143, 'Lina', 'Murphy', 8388607, 5, 'tate.balistreri@example.net', '1978-02-15 03:10:56', '2006-05-17 22:17:06'),
(144, 'Narciso', 'Kutch', 0, 209708394, 'fwalker@example.org', '1978-06-17 14:15:41', '2004-07-01 14:06:31'),
(145, 'Bernie', 'Williamson', 733741, 8204, 'milford.vonrueden@example.com', '1982-02-12 20:26:12', '1996-01-24 14:57:41'),
(146, 'Cristina', 'Ernser', 0, 958623, 'bosco.sidney@example.com', '2000-09-12 05:44:21', '1983-05-28 19:41:52'),
(147, 'Arnulfo', 'Feil', 8388607, 588091, 'zlynch@example.com', '2002-06-21 11:51:16', '1974-10-19 04:34:12'),
(148, 'Lonie', 'Kub', 721438, 0, 'hoppe.taya@example.net', '2001-08-19 01:38:38', '1974-06-22 22:13:43'),
(149, 'Hudson', 'Goldner', 1, 26, 'cassie.mraz@example.net', '1975-09-10 18:56:41', '2005-07-30 08:48:31'),
(150, 'Valentin', 'Koss', 1, 68, 'sonya36@example.net', '1995-10-19 07:34:28', '1997-11-13 11:48:39'),
(151, 'Mary', 'Donnelly', 977, 0, 'elian.o\'kon@example.net', '1976-10-11 16:12:09', '1992-04-03 22:44:06'),
(152, 'Halie', 'Crist', 0, 51, 'nathanael32@example.com', '1990-12-05 18:54:40', '1972-08-15 02:38:15'),
(153, 'Myriam', 'Hilpert', 1, 64, 'filomena76@example.net', '1993-10-29 17:41:48', '1989-10-08 13:14:04'),
(154, 'Rubye', 'Wuckert', 0, 258, 'ofarrell@example.net', '2017-02-03 12:22:04', '2017-02-05 20:16:07'),
(155, 'Gia', 'Ondricka', 245946, 454211, 'aiyana.dicki@example.net', '1995-07-20 11:36:31', '2012-08-31 06:45:11'),
(156, 'Andrew', 'Quigley', 1, 96578, 'lisa.auer@example.org', '2010-02-28 05:03:17', '2018-06-26 22:34:58'),
(157, 'Keira', 'Baumbach', 0, 361790175, 'jermaine.sporer@example.net', '1985-11-26 13:48:27', '1994-07-13 03:31:27'),
(158, 'Marion', 'Balistreri', 0, 7147010, 'elijah25@example.net', '2017-07-31 16:01:39', '1993-12-14 02:10:03'),
(159, 'Miguel', 'Wuckert', 972431, 0, 'llockman@example.net', '2013-10-06 13:27:29', '1981-08-08 01:55:25'),
(160, 'Corene', 'Kling', 0, 8218296, 'zakary26@example.com', '1999-08-18 15:03:18', '1971-10-28 00:33:57'),
(161, 'Nya', 'Dietrich', 645729, 6, 'agnes63@example.com', '1971-12-21 14:32:46', '1976-03-16 15:00:22'),
(162, 'Afton', 'Fadel', 0, 81933, 'fannie54@example.com', '1992-05-05 16:59:28', '1987-10-02 17:19:43'),
(163, 'Reta', 'Spinka', 538431, 730, 'legros.alejandra@example.org', '1976-03-25 09:14:11', '2018-08-29 00:35:59'),
(164, 'Jeffery', 'Orn', 938892, 64845, 'kuphal.davon@example.org', '2013-11-25 21:10:38', '2005-07-23 17:55:09'),
(165, 'Mitchel', 'Koelpin', 16, 607536, 'annabel57@example.net', '1999-02-24 18:25:42', '1988-09-26 05:56:53'),
(166, 'Natalie', 'Hyatt', 8388607, 8, 'jeanne65@example.org', '2006-11-03 22:16:21', '1975-03-23 19:07:57'),
(167, 'Pearlie', 'Jacobson', 0, 81076, 'dereck68@example.com', '2013-12-29 14:33:19', '1989-12-19 22:11:58'),
(168, 'Wendy', 'Hauck', 0, 69418, 'ward.tatum@example.org', '2010-10-11 07:43:56', '1984-07-24 17:07:10'),
(169, 'Paula', 'Turcotte', 43, 20674744, 'hintz.lora@example.com', '2007-05-11 00:40:36', '1973-05-18 04:39:41'),
(170, 'Rafael', 'Anderson', 73, 150279671, 'madge.schaefer@example.org', '2001-03-28 06:28:45', '2001-09-16 16:40:22'),
(171, 'Ryley', 'Hauck', 1, 5544, 'muller.anita@example.org', '1985-03-02 22:46:06', '2012-03-15 10:55:55'),
(172, 'Kenna', 'Kunde', 1, 7114, 'willie.hauck@example.org', '2012-08-19 13:36:08', '1987-11-30 04:14:41'),
(173, 'Branson', 'Tromp', 0, 589, 'sluettgen@example.org', '1989-08-22 07:31:58', '2003-07-27 09:34:34'),
(174, 'Jay', 'Blick', 10547, 62, 'demario.lueilwitz@example.org', '1992-01-19 10:35:43', '1974-06-08 10:01:21'),
(175, 'Hannah', 'Bayer', 739, 950, 'ernie.klocko@example.net', '1981-09-23 12:50:12', '1984-10-31 15:05:00'),
(176, 'Kaia', 'O\'Connell', 1, 51348, 'juliet.hayes@example.net', '2011-12-08 03:03:33', '2011-04-14 19:04:50'),
(177, 'Selena', 'Kozey', 0, 39, 'grady.ezekiel@example.org', '1984-09-21 11:35:42', '1987-09-06 14:32:20'),
(178, 'Jules', 'Oberbrunner', 342, 251581125, 'tyshawn.collier@example.com', '2002-05-20 09:55:01', '1999-10-09 19:15:37'),
(179, 'Carmelo', 'Ruecker', 837, 1, 'garrison01@example.org', '1970-08-22 00:15:04', '1983-11-25 07:49:28'),
(180, 'Daniella', 'Kuhic', 8388607, 23396248, 'beahan.rodger@example.com', '1995-05-27 01:26:45', '1984-09-03 18:16:33'),
(181, 'Fernando', 'Weissnat', 0, 1, 'reyna75@example.com', '1972-08-12 16:27:15', '1993-09-16 13:28:19'),
(182, 'Wava', 'Olson', 779480, 0, 'zgreenholt@example.org', '2019-04-08 23:44:55', '2011-05-04 02:35:09'),
(183, 'Ellsworth', 'Botsford', 1, 755475, 'devan.predovic@example.net', '1976-08-29 13:38:00', '1979-05-09 09:54:06'),
(184, 'Sandra', 'Schoen', 53, 7, 'gutkowski.dominique@example.net', '1974-06-10 00:07:07', '1976-01-07 23:38:06'),
(185, 'Sasha', 'Orn', 53, 450, 'gkling@example.org', '1987-04-03 10:24:06', '1999-04-10 06:11:36'),
(186, 'Bernie', 'Hackett', 8388607, 587904909, 'olson.mollie@example.org', '2007-06-08 03:01:49', '2004-01-18 12:38:40'),
(187, 'Kaitlyn', 'Beatty', 208571, 95396, 'mabernathy@example.net', '2014-01-21 15:52:36', '2012-04-02 19:25:46'),
(188, 'Clovis', 'McLaughlin', 0, 905050394, 'will.graham@example.org', '1999-09-27 12:28:54', '1999-07-05 13:19:46'),
(189, 'Isadore', 'Anderson', 253, 84282, 'grayson.schroeder@example.org', '1978-08-12 11:53:21', '1990-04-12 01:58:02'),
(190, 'Lilliana', 'Waters', 1, 42420562, 'elbert55@example.com', '2001-07-07 06:09:31', '2009-12-15 11:49:50'),
(191, 'Aaron', 'Witting', 237, 2350897, 'shields.anita@example.org', '1971-03-11 19:13:24', '1973-11-29 07:34:49'),
(192, 'Walter', 'Konopelski', 436, 8072, 'enoch79@example.org', '2015-03-09 09:42:34', '1974-03-07 13:52:50'),
(193, 'Oswald', 'Witting', 1, 231260, 'jennifer.bergnaum@example.net', '1995-12-01 05:35:59', '2007-09-14 15:09:50'),
(194, 'Elenora', 'Kerluke', 689427, 6553612, 'kayla.keebler@example.com', '1970-09-20 09:41:30', '1991-06-26 02:22:19'),
(195, 'Roderick', 'Bartell', 94, 48342632, 'mweissnat@example.org', '1976-09-17 07:03:12', '2003-06-29 03:49:50'),
(196, 'Alexa', 'Beer', 504, 0, 'ibayer@example.org', '1996-02-15 17:28:21', '2003-03-21 17:58:59'),
(197, 'Jackeline', 'Fisher', 1, 9, 'eloisa68@example.org', '2011-01-26 15:47:54', '2017-08-01 20:47:31'),
(198, 'Kristian', 'Hartmann', 726, 314, 'mabelle.williamson@example.com', '2018-06-02 11:33:41', '1986-11-10 05:22:09'),
(199, 'Kay', 'Thompson', 69, 985337, 'israel.nicolas@example.org', '1984-04-21 03:37:13', '1982-07-12 21:02:56'),
(200, 'Johanna', 'Hermann', 8388607, 97690, 'sbeier@example.net', '1973-04-13 04:06:13', '2018-03-30 15:38:43'),
(201, 'Loren', 'Buckridge', 1, 0, 'melvin.olson@example.net', '2019-07-19 10:31:31', '1978-09-29 15:37:43'),
(202, 'Roxane', 'McCullough', 1, 32946141, 'schultz.marge@example.org', '2013-04-04 22:00:51', '1986-04-15 01:04:27'),
(203, 'Christy', 'Russel', 0, 593151, 'nshanahan@example.com', '1974-01-24 14:09:55', '2014-08-19 11:14:06'),
(204, 'Margaretta', 'Gislason', 581412, 8000939, 'macey39@example.org', '1997-04-15 07:27:24', '2015-07-21 00:45:30'),
(205, 'Genesis', 'Predovic', 1, 2, 'martina.kutch@example.org', '1979-10-30 20:21:58', '1973-06-01 02:50:29'),
(206, 'Bella', 'Runte', 0, 65632, 'eklocko@example.org', '2012-10-24 14:40:20', '1998-11-04 04:18:18'),
(207, 'Marion', 'Cronin', 0, 995496090, 'daniela.harber@example.org', '1977-05-30 13:06:30', '2012-01-09 12:06:23'),
(208, 'Adolfo', 'Gislason', 361580, 3027, 'knolan@example.com', '1970-11-14 14:38:19', '1997-02-02 00:57:15'),
(209, 'Nina', 'Bernhard', 0, 9835, 'treva33@example.org', '1976-07-05 03:07:39', '2011-11-28 10:01:53'),
(210, 'Merl', 'Schneider', 948, 393, 'rene47@example.com', '1997-10-23 18:34:03', '2015-08-03 07:26:22'),
(211, 'Alvina', 'Witting', 0, 61149335, 'htowne@example.org', '2009-07-11 01:59:26', '2007-03-04 01:33:16'),
(212, 'Andrew', 'Prosacco', 272, 4113915, 'abigail.thompson@example.net', '2019-04-12 03:23:52', '2006-10-11 17:22:33'),
(213, 'Easton', 'Collins', 0, 40636346, 'tyler12@example.net', '1970-09-25 09:49:36', '2017-04-15 02:45:21'),
(214, 'Rylan', 'Bechtelar', 386166, 428406, 'annalise.kuhic@example.org', '1986-10-19 01:13:26', '1981-08-13 22:46:09'),
(215, 'Furman', 'Reichert', 693196, 34788, 'scotty.bednar@example.net', '1975-10-23 12:09:16', '1991-06-27 02:36:15'),
(216, 'Kyler', 'Metz', 532780, 2553960, 'jarmstrong@example.com', '1971-06-05 17:47:59', '1988-01-01 13:03:28'),
(217, 'Chad', 'Mitchell', 8388607, 0, 'kelsie34@example.org', '1976-03-14 12:14:32', '1992-08-09 18:53:40'),
(218, 'Gayle', 'Kling', 195260, 292877117, 'xjohns@example.net', '2000-12-11 20:56:08', '2004-03-08 22:29:09'),
(219, 'Jaron', 'Kautzer', 1, 96980819, 'kub.carleton@example.com', '1976-06-03 05:39:25', '1978-11-18 18:58:32'),
(220, 'Hudson', 'Spinka', 859439, 8748742, 'lueilwitz.ardith@example.org', '2010-02-13 15:20:18', '1990-08-09 11:04:10'),
(221, 'Adrain', 'O\'Kon', 624, 324063, 'lizzie.dickens@example.com', '1977-05-09 08:41:58', '1986-10-17 12:05:21'),
(222, 'Orland', 'Kerluke', 0, 0, 'meggie.rath@example.org', '2000-06-19 05:13:50', '1990-08-26 17:58:29'),
(223, 'Kenna', 'Ritchie', 84883, 33, 'heaney.precious@example.com', '1970-05-12 10:59:47', '1993-11-05 12:07:05'),
(224, 'Raleigh', 'Strosin', 405, 375, 'molly.eichmann@example.net', '1985-06-18 18:10:41', '1970-01-05 00:59:34'),
(225, 'Leanna', 'Wehner', 599201, 786, 'marietta55@example.com', '1989-04-30 17:23:04', '1973-11-14 16:20:28'),
(226, 'Delpha', 'Waters', 1, 669624, 'vance.hermiston@example.com', '2015-06-26 20:28:06', '1976-05-16 16:20:43'),
(227, 'Lamar', 'Hegmann', 1, 2655, 'pierce77@example.com', '1988-11-04 07:39:07', '1989-03-05 21:09:04'),
(228, 'Cleora', 'Kuhn', 0, 91, 'udenesik@example.net', '1974-11-03 01:08:23', '1999-10-31 09:47:34'),
(229, 'Faustino', 'Cummerata', 41, 0, 'lang.abbey@example.com', '1996-11-10 08:00:40', '2001-01-30 06:35:04'),
(230, 'Randall', 'Lindgren', 0, 711974, 'scottie37@example.org', '1979-01-26 12:46:19', '2008-06-23 17:00:22'),
(231, 'Courtney', 'Dach', 1, 10483, 'astrid.marvin@example.net', '2013-03-06 06:09:01', '2001-06-18 19:27:21'),
(232, 'Yvette', 'Kuvalis', 1, 71, 'cartwright.conrad@example.com', '2003-05-24 07:53:55', '1974-08-06 03:43:20'),
(233, 'Timothy', 'Crooks', 0, 0, 'zgraham@example.com', '2001-06-23 05:54:45', '1996-04-25 06:30:16'),
(234, 'Marianne', 'Sauer', 357139, 831257427, 'zkassulke@example.com', '1977-08-15 15:56:28', '2008-03-13 14:39:11'),
(235, 'Ova', 'Langworth', 175876, 5573, 'allan58@example.com', '2008-02-02 11:20:57', '1985-05-06 17:08:42'),
(236, 'Laisha', 'Abshire', 250, 483766462, 'mante.maxie@example.com', '2001-03-24 22:10:54', '1975-01-30 23:55:51'),
(237, 'Vito', 'Okuneva', 1, 75789, 'mckenzie.matt@example.net', '1985-04-26 13:05:13', '2013-04-01 21:19:30'),
(238, 'Alva', 'Fadel', 270, 127034, 'bdurgan@example.com', '2010-01-28 09:28:56', '1998-02-13 18:52:37'),
(239, 'Trace', 'Pfeffer', 801275, 769, 'effertz.avery@example.org', '1984-02-24 10:15:24', '2003-04-13 12:28:48'),
(240, 'Alicia', 'Terry', 978, 799, 'lionel28@example.org', '1984-03-29 08:19:35', '1987-06-23 01:30:32'),
(241, 'Erica', 'Crona', 769, 61365, 'brown.tia@example.net', '1988-05-29 14:29:06', '1993-05-29 10:11:29'),
(242, 'Salvador', 'McCullough', 1, 2542, 'chase.vandervort@example.com', '2006-10-15 02:00:02', '2007-01-29 17:37:43'),
(243, 'Kacey', 'Wintheiser', 523, 358980, 'egoldner@example.com', '1972-08-31 01:08:19', '2005-08-29 08:19:09'),
(244, 'Bernita', 'Brekke', 461917, 483, 'norbert10@example.org', '1973-10-01 17:27:30', '2001-07-17 11:34:49'),
(245, 'Odie', 'Kub', 861002, 4241122, 'crooks.marcella@example.org', '1972-07-01 23:52:02', '1995-08-26 16:55:28'),
(246, 'Oma', 'Abshire', 0, 0, 'iliana.bosco@example.com', '1971-09-29 12:12:25', '1979-05-18 08:23:58'),
(247, 'Leann', 'Emmerich', 910438, 192059, 'bergstrom.jena@example.net', '2010-03-13 15:07:27', '2014-09-19 19:42:49'),
(248, 'Geovany', 'Mills', 188661, 7912, 'bklein@example.com', '2014-12-26 11:11:45', '1980-08-18 16:48:17'),
(249, 'Isom', 'Jenkins', 321, 3486, 'dalton05@example.org', '2003-06-03 17:56:07', '1978-09-12 02:51:57'),
(250, 'Dock', 'Borer', 1, 94475726, 'keenan91@example.net', '1982-06-23 21:15:13', '1992-11-18 16:06:39'),
(251, 'Iva', 'Lind', 0, 65710, 'bria.lakin@example.org', '1994-11-25 20:14:22', '1977-05-19 08:55:21'),
(252, 'Eryn', 'Heaney', 19, 847081, 'kimberly.doyle@example.com', '1995-03-19 22:40:09', '1987-09-13 19:40:03'),
(253, 'Kody', 'Schiller', 622, 98637, 'chackett@example.com', '2017-09-28 00:16:07', '1995-06-11 06:29:06'),
(254, 'Camille', 'Feil', 0, 357677, 'cgraham@example.org', '1978-12-19 13:51:42', '2011-09-04 00:12:23'),
(255, 'Bridget', 'Hartmann', 1, 89018, 'bosco.meagan@example.org', '2003-02-01 18:30:22', '2010-12-11 16:47:25'),
(256, 'Patrick', 'Goldner', 0, 0, 'rau.golda@example.net', '1972-03-22 02:24:22', '2019-05-30 07:07:18'),
(257, 'Serena', 'Walsh', 1, 4219, 'gayle93@example.org', '1994-06-02 13:03:00', '1982-12-28 09:55:43'),
(258, 'Ryley', 'Heidenreich', 0, 6047, 'alberto.quigley@example.net', '1981-05-23 19:40:32', '2017-01-07 15:28:51'),
(259, 'Noel', 'Funk', 0, 190295204, 'electa45@example.com', '1999-10-16 16:21:04', '1998-01-24 19:28:33'),
(260, 'Chaya', 'Raynor', 0, 613, 'waelchi.noelia@example.net', '2009-07-05 17:58:27', '1996-05-24 19:26:10'),
(261, 'Jermain', 'Buckridge', 0, 76, 'burnice18@example.net', '2017-01-12 03:37:01', '1970-11-25 00:38:57'),
(262, 'Isaiah', 'Cruickshank', 296, 9573, 'veum.earnest@example.net', '1972-09-15 13:43:04', '2012-01-14 08:14:26'),
(263, 'Claudie', 'Spinka', 39, 3055047, 'akautzer@example.net', '2008-03-14 06:12:59', '2002-09-17 02:50:24'),
(264, 'Travis', 'Lindgren', 1, 7829021, 'alta.hoppe@example.org', '1997-09-20 21:20:43', '2012-02-02 02:11:37'),
(265, 'Malachi', 'Willms', 335, 83762, 'joshuah64@example.net', '2013-05-26 00:52:31', '1987-05-21 20:36:33'),
(266, 'Yasmeen', 'Kuhic', 0, 729273, 'rrutherford@example.com', '1990-01-28 05:54:44', '2019-05-19 08:21:58'),
(267, 'Araceli', 'Parisian', 7, 66822, 'deja19@example.com', '2009-12-27 02:39:28', '1982-11-19 09:18:16'),
(268, 'Dedric', 'Howe', 95, 0, 'edgardo64@example.com', '2006-07-30 17:32:47', '2004-11-23 04:31:08'),
(269, 'Buster', 'Lubowitz', 1, 0, 'orn.eino@example.org', '1978-02-21 17:10:07', '2018-12-03 15:13:12'),
(270, 'Chet', 'Heathcote', 256235, 913895666, 'zgleason@example.org', '2009-05-17 13:18:19', '2001-05-15 20:51:30'),
(271, 'Fredy', 'Olson', 996411, 0, 'fgoldner@example.org', '1991-05-25 22:32:36', '1995-10-23 16:41:47'),
(272, 'Frieda', 'Johnston', 1, 647, 'erobel@example.org', '2005-06-21 04:21:38', '1974-11-16 06:27:42'),
(273, 'Rashawn', 'Wisoky', 914, 0, 'morar.clair@example.net', '2004-08-01 23:40:58', '1981-05-11 15:39:02'),
(274, 'Mariano', 'Hermiston', 353, 52540620, 'vincenza26@example.net', '1974-07-20 20:14:15', '1987-08-24 16:10:33'),
(275, 'Joe', 'Becker', 924, 25529, 'iprosacco@example.org', '1990-02-21 19:33:01', '2013-01-21 02:24:41'),
(276, 'Aurelia', 'Morar', 628, 3517795, 'claud30@example.org', '2008-06-11 10:52:17', '2004-06-14 11:17:58'),
(277, 'Pauline', 'Roob', 0, 2779, 'emilio94@example.com', '1993-12-29 18:47:52', '2000-08-07 00:58:20'),
(278, 'Muriel', 'Tillman', 504685, 3766, 'lesch.triston@example.com', '2006-10-19 14:20:01', '2017-04-24 16:10:20'),
(279, 'Jordy', 'Mante', 0, 0, 'leonard04@example.org', '2017-11-04 20:13:44', '2000-04-20 17:38:40'),
(280, 'Coy', 'Schowalter', 8388607, 19, 'lowe.karson@example.net', '2002-11-11 14:45:34', '1982-10-22 12:18:20'),
(281, 'Marlen', 'Cummerata', 7, 3278, 'kirk27@example.com', '2003-04-22 12:16:22', '2009-09-03 08:09:21'),
(282, 'Zackary', 'Jacobi', 364491, 0, 'senger.claude@example.com', '2013-06-30 02:18:28', '1990-10-25 03:52:07'),
(283, 'Gerson', 'Veum', 0, 50, 'ischneider@example.org', '1999-03-12 06:19:19', '2012-01-27 19:41:06'),
(284, 'Emiliano', 'Bernhard', 493113, 0, 'fadel.jalyn@example.org', '2010-08-12 23:26:25', '1979-04-14 16:54:08'),
(285, 'Estella', 'Cummerata', 106163, 47824098, 'lang.cornell@example.org', '2008-09-23 02:25:01', '1993-08-24 12:12:25'),
(286, 'Zelma', 'Pacocha', 1, 2459, 'torphy.macey@example.org', '2000-02-28 05:31:46', '1974-03-17 22:18:37'),
(287, 'Randal', 'Kessler', 1, 9059, 'rau.alaina@example.com', '1980-09-08 04:16:15', '2011-04-04 18:16:36'),
(288, 'Nichole', 'Marquardt', 1, 4951105, 'quigley.emelie@example.com', '2018-08-28 18:23:15', '1977-11-01 07:27:03'),
(289, 'Cole', 'Harris', 8388607, 9, 'collier.candace@example.org', '1994-03-27 15:23:46', '1998-09-05 16:57:19'),
(290, 'Earnest', 'Waters', 82, 558458, 'kschulist@example.com', '1979-12-30 19:48:40', '1992-11-27 15:31:30'),
(291, 'Gianni', 'Kohler', 13, 11234700, 'bergnaum.einar@example.com', '1975-03-28 05:30:06', '2001-05-08 23:13:15'),
(292, 'Geo', 'Murazik', 983949, 281070320, 'cathy.friesen@example.org', '1976-08-25 02:13:51', '1990-06-03 10:57:36'),
(293, 'Baylee', 'Haag', 986412, 0, 'tierra.gorczany@example.com', '1987-07-06 19:42:12', '1983-11-13 20:54:19'),
(294, 'Kian', 'Crona', 82, 329899, 'shields.wilton@example.net', '2017-02-09 01:29:02', '2003-06-16 14:18:17'),
(295, 'Frederique', 'Willms', 1, 89, 'lkerluke@example.com', '1987-03-24 00:01:00', '2004-04-16 01:00:38'),
(296, 'Marcelino', 'Bins', 932540, 683561322, 'jaren.sporer@example.net', '1977-08-29 00:53:35', '2006-04-03 02:08:10'),
(297, 'Cesar', 'Cummerata', 767984, 538, 'reginald.streich@example.com', '1990-12-29 18:56:51', '1977-02-25 01:37:36'),
(298, 'Abdul', 'Boehm', 39, 17, 'atorp@example.net', '1977-07-04 18:00:25', '1987-10-06 04:10:19'),
(299, 'Dee', 'Stiedemann', 1, 3207, 'ewald55@example.net', '1997-12-16 14:40:16', '1974-12-07 15:11:33'),
(300, 'Zaria', 'Gutmann', 227, 9, 'marilou31@example.com', '1992-01-15 12:31:34', '2002-06-27 05:52:17'),
(301, 'Dawn', 'Harris', 982, 878047, 'jordyn.grady@example.org', '1994-06-12 02:44:18', '2013-10-09 19:41:01'),
(302, 'Green', 'Weimann', 350, 576608, 'deborah.mitchell@example.net', '2002-11-12 15:18:45', '1971-04-22 04:44:03'),
(303, 'Dedric', 'Schowalter', 423, 6456, 'domenick52@example.com', '2003-08-26 08:15:01', '2009-03-12 07:58:59'),
(304, 'Benny', 'Goyette', 1, 24, 'dstreich@example.org', '2009-03-24 17:01:11', '1992-05-20 17:56:36'),
(305, 'Tiffany', 'Kautzer', 41, 53025949, 'dweissnat@example.net', '2007-07-04 14:58:47', '2016-03-05 01:37:33'),
(306, 'Tia', 'Grant', 1, 9, 'rhodkiewicz@example.com', '1974-07-23 19:28:51', '2017-06-27 20:17:33'),
(307, 'Lawrence', 'Reilly', 952551, 7131673, 'aron.williamson@example.org', '2001-12-02 11:39:45', '1972-03-16 01:25:45'),
(308, 'Dolores', 'Little', 8388607, 4794, 'robyn.o\'keefe@example.com', '2018-12-26 06:42:35', '1976-05-02 15:14:28'),
(309, 'Lela', 'Lakin', 1, 46, 'alta.cruickshank@example.com', '1971-07-07 04:59:41', '1996-10-28 11:36:07'),
(310, 'Tiana', 'Hudson', 0, 850248596, 'ekoelpin@example.org', '1999-04-14 15:47:49', '2002-11-14 05:26:54'),
(311, 'Daniella', 'Hudson', 0, 9250, 'stella.deckow@example.net', '1996-03-26 17:31:24', '1989-06-17 01:03:21'),
(312, 'Alf', 'Breitenberg', 0, 81, 'hubert11@example.com', '1977-06-14 04:34:14', '2013-08-14 00:51:16'),
(313, 'Kennedy', 'Russel', 1, 120379725, 'irippin@example.org', '1974-09-01 21:09:36', '1980-12-28 11:43:59'),
(314, 'David', 'Altenwerth', 8388607, 158, 'fay.devin@example.org', '1978-04-01 19:21:37', '2009-05-05 08:07:12'),
(315, 'Reba', 'Cormier', 0, 856, 'bettie88@example.org', '2011-05-26 00:41:30', '1996-08-21 11:09:39'),
(316, 'Leola', 'Robel', 0, 5474, 'bradtke.frederique@example.net', '2010-06-22 09:11:44', '2015-12-29 03:09:43'),
(317, 'Shyann', 'Hartmann', 1, 6215506, 'pablo.watsica@example.com', '1990-11-04 12:00:31', '1985-11-19 16:59:20'),
(318, 'Adah', 'White', 8388607, 90, 'harris.arianna@example.net', '2018-11-29 09:05:06', '1977-02-13 18:31:14'),
(319, 'Herta', 'Thiel', 299, 4860, 'nathan.pagac@example.org', '1995-02-04 16:30:07', '1990-12-08 03:20:22'),
(320, 'Hayley', 'Lubowitz', 157369, 418989166, 'tmacejkovic@example.com', '2010-02-06 16:04:00', '1983-02-28 06:46:16'),
(321, 'Patsy', 'Hamill', 1, 0, 'marilou56@example.net', '1991-12-12 14:58:43', '2013-07-16 20:29:37'),
(322, 'Gerry', 'Funk', 874, 12, 'legros.jo@example.net', '2010-02-25 12:51:15', '1974-05-19 21:01:50'),
(323, 'Retta', 'McClure', 1, 80813316, 'cristian43@example.org', '1973-05-07 20:44:45', '2006-07-22 18:57:24'),
(324, 'Demond', 'Russel', 575, 413574585, 'millie.mcdermott@example.org', '1996-11-02 14:07:29', '2008-06-02 09:23:53'),
(325, 'Larissa', 'Sanford', 0, 16, 'ccarroll@example.com', '2004-08-30 01:00:58', '1988-03-17 02:07:34'),
(326, 'Casimir', 'Nicolas', 769803, 0, 'rocky82@example.com', '1986-02-17 06:36:10', '1982-01-21 04:02:37'),
(327, 'Evans', 'Mills', 925, 20450311, 'cronin.izaiah@example.org', '1986-05-18 17:42:46', '2004-08-30 23:02:27'),
(328, 'Clement', 'Larkin', 8388607, 191683, 'breitenberg.jeanne@example.org', '2006-11-12 10:01:39', '2019-06-17 04:47:15'),
(329, 'Rebeka', 'O\'Connell', 38, 6, 'raynor.harrison@example.org', '2018-06-15 12:36:54', '1977-12-03 03:13:36'),
(330, 'Darrel', 'Conn', 0, 0, 'troy06@example.org', '2014-11-15 00:02:00', '1998-06-23 06:46:53'),
(331, 'Brooklyn', 'D\'Amore', 394, 0, 'pdickinson@example.org', '1984-07-03 02:35:55', '2008-06-17 07:54:44'),
(332, 'Freeda', 'Treutel', 0, 110, 'vbogisich@example.org', '2004-04-23 20:16:54', '1972-04-14 15:35:32'),
(333, 'Greg', 'Glover', 0, 60827, 'grimes.adan@example.net', '1985-04-18 07:59:15', '1986-09-28 09:52:00'),
(334, 'Amya', 'Jacobson', 0, 6839530, 'camille08@example.org', '2000-03-31 06:19:15', '1994-03-10 18:17:29'),
(335, 'Randi', 'Dibbert', 526048, 88001, 'gpagac@example.com', '1970-02-05 00:52:48', '1984-03-19 13:11:29'),
(336, 'Krista', 'Hudson', 748611, 295423, 'usipes@example.org', '2011-06-12 19:40:43', '1974-09-25 02:48:15'),
(337, 'Katelyn', 'Muller', 14, 0, 'bednar.janis@example.com', '2008-03-05 05:21:16', '1972-02-11 01:02:05'),
(338, 'Cloyd', 'Batz', 1, 62, 'aglae47@example.com', '1972-08-01 19:27:22', '2007-11-12 05:53:02'),
(339, 'Zena', 'West', 1, 832767946, 'florida.bosco@example.net', '2013-10-30 17:52:57', '2017-12-26 07:23:38'),
(340, 'Marilyne', 'Schimmel', 694432, 3937, 'schneider.lura@example.com', '1972-05-19 13:58:32', '1997-07-14 04:12:24'),
(341, 'Jaunita', 'Bashirian', 0, 9335, 'eloise73@example.com', '1998-01-08 11:08:06', '2011-11-13 11:12:23'),
(342, 'Ila', 'Hand', 0, 1017138, 'schulist.arjun@example.net', '2010-03-23 01:43:40', '1998-09-27 21:15:17'),
(343, 'Devyn', 'Ullrich', 8388607, 210869937, 'marilyne46@example.org', '1992-09-29 16:57:51', '1984-08-18 23:13:27'),
(344, 'Elvis', 'Armstrong', 914408, 866947, 'lschamberger@example.com', '1994-11-28 21:14:33', '2010-01-13 00:47:29'),
(345, 'Dennis', 'Schroeder', 194, 17947841, 'denesik.norbert@example.org', '1992-02-20 00:36:34', '1993-07-27 07:08:22'),
(346, 'Stone', 'Schinner', 556163, 86873, 'nmorar@example.net', '2014-04-08 18:20:35', '2000-07-07 17:20:59'),
(347, 'Herta', 'Howell', 170869, 0, 'kolby09@example.com', '1979-07-05 09:48:54', '1992-08-02 15:23:53'),
(348, 'Trinity', 'Heaney', 0, 0, 'anibal46@example.com', '2016-05-24 12:58:36', '2012-10-07 18:55:07'),
(349, 'Damien', 'Berge', 0, 3078278, 'zella.wehner@example.net', '1992-02-05 15:20:23', '1975-07-10 07:36:10'),
(350, 'Lemuel', 'Douglas', 8388607, 2351, 'aaron.dickens@example.com', '2013-03-09 04:33:56', '1995-05-13 13:54:44'),
(351, 'Baby', 'Murphy', 981473, 1, 'denis.schamberger@example.net', '2010-12-26 06:46:27', '1976-03-20 12:04:22'),
(352, 'Jaren', 'Wolff', 1, 8, 'lschaefer@example.net', '1979-10-29 17:20:57', '1991-12-02 05:54:27'),
(353, 'Giovanni', 'Daugherty', 0, 5812, 'jasen.stracke@example.net', '2010-02-20 14:47:13', '2011-05-18 19:00:58'),
(354, 'Makenna', 'Reichel', 723, 0, 'cielo17@example.com', '1972-03-06 10:10:02', '1997-05-17 16:41:23'),
(355, 'Oma', 'Smith', 429, 672123, 'wisozk.lorenzo@example.net', '1978-07-17 23:22:09', '2016-01-30 20:35:13'),
(356, 'Ewell', 'Lehner', 1, 7449, 'hodkiewicz.brett@example.com', '1982-08-10 00:17:34', '1976-08-09 14:27:50'),
(357, 'Bianka', 'Ortiz', 1, 1537, 'zboncak.pansy@example.com', '2008-09-13 19:35:32', '2011-09-07 03:36:29'),
(358, 'Cesar', 'Sipes', 945745, 212, 'thompson.kenneth@example.com', '1972-07-17 05:22:30', '1992-06-28 15:59:48'),
(359, 'Jamaal', 'Sawayn', 838, 8, 'sylvester28@example.org', '2004-02-01 21:01:10', '2013-11-27 23:27:52'),
(360, 'Isac', 'Bode', 319287, 0, 'jonatan.blanda@example.org', '1974-03-08 10:54:06', '1993-09-24 10:52:53'),
(361, 'Adolf', 'Quigley', 833905, 145, 'kkovacek@example.org', '2015-04-20 01:58:34', '2017-11-21 13:15:55'),
(362, 'Opal', 'Tremblay', 81825, 72, 'ashly.ratke@example.net', '1997-11-19 00:27:00', '1979-06-21 11:09:12'),
(363, 'Annie', 'Bradtke', 727403, 6644454, 'dallin.mills@example.com', '2000-06-24 08:00:49', '2014-01-28 13:06:55'),
(364, 'Mozelle', 'Bernier', 1, 26855497, 'micah89@example.org', '2010-02-08 09:09:49', '2002-12-19 03:28:46'),
(365, 'Paris', 'Emmerich', 1, 1, 'lane71@example.org', '1993-01-19 16:51:04', '1976-08-05 16:06:31'),
(366, 'Anika', 'Turner', 8388607, 7302, 'camilla12@example.net', '1985-06-10 16:50:43', '1982-11-12 18:18:02'),
(367, 'Tyreek', 'Douglas', 7, 43164079, 'britney.baumbach@example.org', '2002-12-14 18:11:53', '1977-01-24 07:43:06'),
(368, 'Randall', 'Ritchie', 618, 0, 'judd63@example.org', '1975-05-28 23:59:52', '2013-02-06 19:15:47'),
(369, 'Gail', 'VonRueden', 1, 41879217, 'garnet.bernhard@example.net', '1970-04-13 00:22:31', '1991-07-03 00:31:27'),
(370, 'Albin', 'Cruickshank', 418, 23721881, 'casimir12@example.net', '1974-09-10 07:36:32', '1988-12-10 12:21:51'),
(371, 'Colleen', 'Corwin', 910204, 131813, 'maximo85@example.net', '2010-04-15 01:23:42', '1998-07-20 01:16:38'),
(372, 'Petra', 'Hilll', 24, 5298, 'dickinson.jedidiah@example.net', '1979-02-23 05:50:12', '1986-06-24 06:30:41'),
(373, 'Herminia', 'Flatley', 805, 40056207, 'gabe.brakus@example.com', '1970-01-16 18:46:05', '1998-07-17 20:36:29'),
(374, 'Herman', 'Collins', 523, 1370, 'ashton41@example.com', '1986-10-27 23:04:52', '2015-11-08 07:59:34'),
(375, 'Roderick', 'Emmerich', 0, 8689, 'deshaun.kertzmann@example.com', '1973-06-28 22:53:00', '1983-08-29 02:42:44'),
(376, 'Charity', 'Wisozk', 1, 51813, 'gracie31@example.org', '1990-09-05 01:12:11', '1999-11-01 23:10:16'),
(377, 'Piper', 'Cole', 67908, 993, 'rashad96@example.org', '1980-04-21 05:20:40', '2010-10-22 07:05:03'),
(378, 'Clint', 'Jacobs', 106, 7289, 'reynolds.lavonne@example.net', '1995-04-12 21:47:41', '2017-12-29 20:07:08'),
(379, 'Francisco', 'Wilkinson', 1, 62994, 'daugherty.aisha@example.net', '2004-02-15 14:33:37', '2019-02-26 16:16:58'),
(380, 'Hortense', 'Berge', 0, 5656090, 'corkery.kali@example.org', '1983-03-29 18:59:30', '1982-05-25 01:45:05'),
(381, 'Dorian', 'Mosciski', 424, 359402107, 'rcormier@example.net', '2000-11-01 17:30:18', '1993-12-16 17:46:36'),
(382, 'Rene', 'Hand', 17, 8231, 'hgoldner@example.org', '1977-12-10 15:12:50', '2012-04-26 13:20:03'),
(383, 'Brielle', 'Muller', 970338, 6, 'allie.gottlieb@example.com', '1998-07-05 08:36:52', '1989-08-22 23:31:16'),
(384, 'Flavio', 'Kuvalis', 36, 0, 'ara98@example.com', '1986-03-15 00:38:44', '1990-01-28 03:59:25'),
(385, 'Judson', 'Hudson', 81, 1900426, 'metz.alysa@example.com', '1978-09-07 19:28:49', '2000-05-28 20:43:52'),
(386, 'Hailee', 'Emmerich', 1, 406795, 'angelo72@example.net', '1975-04-16 10:23:02', '2010-06-04 14:23:16'),
(387, 'Jacquelyn', 'Hirthe', 610, 921765, 'macejkovic.elmira@example.net', '2017-10-16 13:33:58', '2015-12-21 04:35:50'),
(388, 'Savannah', 'Hickle', 8388607, 66430, 'schultz.reilly@example.net', '2003-04-18 10:34:53', '1979-10-07 07:00:43'),
(389, 'Heber', 'Stamm', 745573, 408614, 'hector95@example.org', '2018-09-30 16:17:41', '1970-10-06 14:09:28'),
(390, 'Augustine', 'Kohler', 1, 83317, 'mozelle.conn@example.net', '2013-07-19 11:36:55', '2018-10-25 15:31:08'),
(391, 'Caitlyn', 'Cartwright', 1, 2365, 'einar.lind@example.org', '1974-09-03 01:12:34', '1982-09-02 14:34:56'),
(392, 'Rex', 'Price', 1, 557, 'kunze.cyrus@example.com', '1984-09-02 03:20:28', '2004-10-12 01:29:24'),
(393, 'Aurelie', 'Hartmann', 789857, 161778, 'crist.isidro@example.org', '1989-05-13 19:23:53', '2015-11-18 23:08:07'),
(394, 'Jedidiah', 'Schiller', 311430, 13492132, 'rdeckow@example.com', '2002-06-21 05:00:39', '2012-08-21 10:01:00'),
(395, 'Roxane', 'Senger', 0, 15719, 'psatterfield@example.com', '1986-07-28 20:10:41', '2010-05-05 22:03:39'),
(396, 'Beth', 'Pollich', 0, 0, 'jimmie96@example.org', '2000-08-07 01:33:15', '2001-01-30 08:25:48'),
(397, 'Hudson', 'Upton', 15, 7052223, 'bzieme@example.org', '2016-11-30 04:33:36', '2016-09-24 13:02:27'),
(398, 'Dayana', 'Ryan', 0, 265, 'alvena08@example.com', '1992-08-09 21:31:18', '1997-09-22 17:05:43'),
(399, 'Alyce', 'Wolff', 1, 632307, 'rafaela.kris@example.com', '1974-10-13 04:52:45', '1998-04-19 11:36:25'),
(400, 'Brady', 'Harris', 607, 0, 'izaiah.ryan@example.com', '2012-12-06 17:47:16', '1996-09-10 12:41:16'),
(401, 'Nannie', 'Abshire', 934, 0, 'nienow.ruby@example.org', '2012-12-07 06:34:41', '1974-10-28 08:04:19'),
(402, 'Jaqueline', 'Parisian', 879, 287, 'ktrantow@example.com', '2014-12-31 02:08:38', '2008-07-27 10:23:43'),
(403, 'Antwon', 'Strosin', 374606, 51874361, 'hellen78@example.com', '1986-06-25 11:13:16', '1983-05-24 03:14:52'),
(404, 'Velda', 'Waters', 1, 97039218, 'oweber@example.org', '1989-02-28 06:18:54', '2005-03-27 18:02:03'),
(405, 'Jeramie', 'Green', 0, 64127877, 'haley.marcia@example.org', '1987-04-11 11:10:24', '1985-04-30 03:55:53'),
(406, 'Daren', 'Runte', 1, 2600593, 'zankunding@example.com', '2001-01-18 09:11:33', '1997-04-21 03:15:23'),
(407, 'Destany', 'Thompson', 573189, 3690066, 'christelle98@example.net', '1979-02-03 03:01:42', '1972-03-22 00:26:43'),
(408, 'Fatima', 'Beier', 8388607, 9211407, 'hansen.ransom@example.net', '2011-07-02 09:20:41', '1983-07-16 21:27:19'),
(409, 'Hailey', 'Skiles', 848, 86, 'opurdy@example.com', '1999-11-11 07:03:00', '2010-04-18 11:53:32'),
(410, 'Faustino', 'Friesen', 1, 738, 'tyrel.hane@example.org', '2018-06-06 17:33:09', '2015-02-02 11:45:09'),
(411, 'Maryam', 'Emmerich', 1, 87432059, 'clare19@example.net', '2019-05-20 01:22:12', '2009-12-08 22:24:34'),
(412, 'Fae', 'Bradtke', 23579, 943977400, 'tiara98@example.net', '2010-04-28 17:21:52', '2015-10-04 13:28:45'),
(413, 'Tavares', 'Hermann', 287, 2897883, 'anya57@example.com', '2016-10-24 20:35:45', '2014-03-18 00:26:52'),
(414, 'Elbert', 'Welch', 0, 5, 'marcus92@example.org', '2001-10-21 20:03:00', '2015-08-13 16:47:48'),
(415, 'Josh', 'Beahan', 1, 69, 'mcclure.willie@example.net', '1978-12-14 21:21:54', '1997-08-12 23:57:46'),
(416, 'Jack', 'Reilly', 1, 925, 'kory.hackett@example.net', '1985-02-21 23:31:44', '1995-03-29 21:28:45'),
(417, 'Brianne', 'Orn', 0, 46927701, 'bergstrom.carmela@example.org', '2018-12-12 10:51:46', '2015-04-08 00:36:16'),
(418, 'Ronaldo', 'Douglas', 9, 7, 'brandyn81@example.org', '2008-10-27 08:13:24', '1987-02-22 19:22:25'),
(419, 'Jammie', 'Carter', 8388607, 0, 'griffin.torphy@example.com', '1983-05-08 06:29:08', '2005-12-09 08:06:39'),
(420, 'Trycia', 'Schneider', 0, 70, 'rosemary.yost@example.org', '2009-05-25 19:00:42', '1994-05-18 18:18:50'),
(421, 'Annie', 'Blick', 280369, 6038008, 'pascale.bergnaum@example.com', '2007-03-27 17:09:10', '2019-01-10 19:56:54'),
(422, 'Melba', 'Simonis', 1, 6, 'ed74@example.com', '2004-02-09 16:15:25', '1990-02-07 20:30:17'),
(423, 'Lindsay', 'Turner', 648776, 664089, 'sstoltenberg@example.org', '1990-05-16 11:48:22', '2016-05-30 20:34:25'),
(424, 'Julius', 'Kreiger', 0, 8, 'qjohnson@example.net', '2010-07-21 14:02:46', '1970-10-27 11:22:17'),
(425, 'Meredith', 'O\'Keefe', 1, 2706, 'vmuller@example.net', '1984-07-20 08:10:47', '1991-04-20 18:16:14'),
(426, 'Savanna', 'Greenfelder', 330594, 0, 'shakira.schamberger@example.net', '1988-06-02 09:58:28', '2015-05-15 16:11:55'),
(427, 'Alexane', 'Hills', 555516, 3215, 'dryan@example.org', '1976-10-07 11:12:54', '2010-06-02 20:01:29'),
(428, 'Ocie', 'Carter', 1, 692653, 'lubowitz.alda@example.org', '1979-04-06 12:30:32', '2008-12-29 07:11:49'),
(429, 'Jarrell', 'Haley', 368, 26806353, 'ritchie.keagan@example.com', '2006-01-13 09:01:58', '1976-09-29 07:14:33'),
(430, 'Alphonso', 'Hills', 519, 2692736, 'buck.hilpert@example.net', '1981-02-04 22:02:27', '2010-10-20 08:43:57'),
(431, 'Ozella', 'Hintz', 0, 71, 'pete.ortiz@example.net', '1995-04-09 11:11:04', '2004-09-02 00:06:57'),
(432, 'Mathilde', 'Beatty', 0, 0, 'kprosacco@example.com', '1992-03-17 10:25:10', '2007-02-13 09:20:57'),
(433, 'Edmund', 'Sauer', 1, 3, 'rolfson.taryn@example.org', '1989-01-24 07:10:09', '1984-09-02 04:12:04'),
(434, 'Mohammad', 'Toy', 0, 0, 'zita49@example.com', '1985-08-09 09:31:05', '2001-04-03 12:47:47'),
(435, 'Bernhard', 'Orn', 0, 3494333, 'nicolas.kale@example.org', '2000-02-28 16:46:06', '1996-09-01 14:21:50'),
(436, 'Ray', 'Lowe', 395263, 764791853, 'mariela.cruickshank@example.org', '1972-04-21 03:46:14', '1993-05-01 12:56:12'),
(437, 'Robbie', 'Dooley', 0, 485, 'lstehr@example.org', '1989-12-24 17:54:16', '1987-12-30 16:59:16'),
(438, 'Hubert', 'Kunde', 843208, 1172, 'cordelia85@example.org', '2007-07-27 13:19:11', '2007-07-15 23:40:38'),
(439, 'Bobby', 'Reilly', 0, 475, 'laurie.quitzon@example.org', '2006-12-11 20:47:54', '1980-03-28 16:45:18'),
(440, 'Rachael', 'Bartell', 81658, 790652, 'jones.hudson@example.com', '2014-02-12 00:20:34', '1981-01-11 08:53:07'),
(441, 'Elbert', 'Lakin', 726142, 921217944, 'gislason.yadira@example.org', '1986-08-02 00:22:59', '1992-09-12 14:04:00'),
(442, 'Amalia', 'Effertz', 1, 91924719, 'demetrius77@example.net', '2017-09-21 21:53:52', '1981-11-19 12:04:14'),
(443, 'Rachel', 'Herzog', 8388607, 5987238, 'sporer.danny@example.net', '2010-06-05 08:37:34', '2011-07-04 14:30:25'),
(444, 'Trenton', 'Franecki', 1, 33185511, 'pouros.norma@example.org', '1994-06-08 22:31:10', '1979-03-12 23:50:38'),
(445, 'Camryn', 'Lesch', 1, 957560, 'whitney56@example.net', '2000-10-07 01:01:06', '2003-04-30 21:15:04'),
(446, 'Garth', 'Moore', 632, 74, 'jacquelyn29@example.net', '2015-05-28 10:01:18', '1995-02-02 00:31:58'),
(447, 'Winfield', 'Reynolds', 1, 5317, 'brady34@example.com', '1970-05-08 01:42:14', '1993-12-05 18:33:46'),
(448, 'Kirsten', 'Beier', 323, 3123, 'gmurray@example.net', '1971-02-07 20:01:35', '1988-12-16 02:35:53'),
(449, 'Meda', 'Lueilwitz', 383, 6, 'makenna.hilpert@example.org', '1991-01-08 01:08:43', '2017-10-09 06:10:52'),
(450, 'Mable', 'Nikolaus', 379590, 20, 'bradtke.amina@example.com', '2001-02-07 20:10:42', '1993-06-06 10:31:58'),
(451, 'Adella', 'Heaney', 422, 7893, 'courtney79@example.com', '1993-10-15 15:58:44', '2002-07-17 15:52:53'),
(452, 'Duncan', 'Cruickshank', 540, 24, 'slowe@example.net', '1997-10-12 06:43:18', '1970-03-03 20:29:27'),
(453, 'Jaden', 'Buckridge', 1, 590, 'tconnelly@example.com', '2010-08-20 19:28:36', '2014-12-01 22:59:57'),
(454, 'Ella', 'Davis', 76, 91, 'theodora01@example.org', '1992-09-30 05:11:30', '2002-06-06 06:30:21'),
(455, 'Trycia', 'Champlin', 1, 77110, 'onie.olson@example.org', '1987-03-26 10:12:56', '2010-10-08 19:18:30');
INSERT INTO `clients` (`client_id`, `firstname`, `lastname`, `contact_no`, `client_age`, `email`, `created_at`, `updated_at`) VALUES
(456, 'Patrick', 'Hermann', 1, 9, 'tgreenfelder@example.net', '2000-02-28 20:53:07', '1971-04-02 00:34:17'),
(457, 'Layne', 'Gulgowski', 0, 47968680, 'ahalvorson@example.com', '1978-11-07 05:41:43', '1988-10-12 23:26:27'),
(458, 'Zakary', 'Sanford', 8388607, 35, 'brenda18@example.com', '2001-11-05 11:56:39', '1981-10-24 04:28:04'),
(459, 'Alfreda', 'Dach', 373700, 141815151, 'oral.hand@example.net', '2002-02-12 00:40:44', '1985-09-06 03:24:15'),
(460, 'Abbey', 'Feest', 904175, 78, 'hmayer@example.net', '1976-02-10 15:14:39', '1994-04-29 08:32:11'),
(461, 'Earnestine', 'Eichmann', 0, 474604870, 'go\'keefe@example.org', '1978-11-06 09:13:07', '2010-06-07 06:33:37'),
(462, 'Oleta', 'Reinger', 8388607, 0, 'hmcglynn@example.net', '2018-07-29 01:30:47', '2014-07-18 04:05:18'),
(463, 'Mikayla', 'Pfannerstill', 892, 7518, 'loyce.kling@example.net', '2002-10-07 09:49:14', '2012-09-20 19:46:02'),
(464, 'Stanley', 'Auer', 926160, 693394812, 'vgrady@example.org', '1993-07-14 10:12:27', '2009-05-22 23:30:36'),
(465, 'Doris', 'Weber', 113642, 5518509, 'daisha.marvin@example.net', '1979-11-03 21:28:46', '1979-09-17 13:08:31'),
(466, 'Chaim', 'Abernathy', 0, 75680, 'doyle25@example.com', '2008-02-27 04:53:42', '2005-12-26 11:04:11'),
(467, 'Nikko', 'Powlowski', 1, 26, 'alvis87@example.com', '1981-06-25 13:20:49', '1971-05-30 09:04:33'),
(468, 'Elyssa', 'Fadel', 573, 20652344, 'uharvey@example.net', '2004-10-13 02:12:36', '2015-09-22 21:48:07'),
(469, 'Dorian', 'Considine', 1, 0, 'ibeier@example.org', '1971-07-16 07:44:26', '2007-10-20 06:52:31'),
(470, 'Leila', 'Lueilwitz', 0, 704104, 'muriel09@example.org', '1979-10-12 12:57:43', '2004-04-11 04:15:57'),
(471, 'Levi', 'Gleason', 0, 3, 'zoey88@example.com', '1971-03-31 13:22:59', '2011-07-24 12:17:59'),
(472, 'Shaniya', 'Klein', 132, 53365, 'giles.larkin@example.net', '1997-11-30 18:44:01', '1999-09-01 09:17:48'),
(473, 'Priscilla', 'Klein', 54, 0, 'tmayer@example.com', '2008-07-29 20:10:11', '1972-01-23 03:50:54'),
(474, 'Vicente', 'Muller', 1, 236176408, 'colleen.fritsch@example.org', '2002-10-18 01:26:41', '1984-04-06 17:31:37'),
(475, 'Clarabelle', 'Leannon', 868619, 413, 'mohr.vernon@example.net', '1993-03-14 01:41:54', '1971-07-08 00:10:25'),
(476, 'Mozell', 'Marks', 103126, 997415, 'fahey.tyrel@example.org', '1970-09-16 06:44:26', '1972-06-14 06:55:48'),
(477, 'Elisha', 'Hessel', 8388607, 1, 'amber.doyle@example.com', '1976-04-22 07:22:31', '1982-12-14 15:32:46'),
(478, 'Perry', 'Howell', 382, 780339448, 'hilda.wilkinson@example.org', '2010-09-17 06:01:27', '1989-08-23 00:38:49'),
(479, 'Sylvia', 'Ankunding', 529882, 40, 'veronica12@example.com', '1971-05-23 10:24:32', '2018-05-10 08:24:11'),
(480, 'Andy', 'Jenkins', 0, 369, 'volkman.alisa@example.org', '1973-05-16 21:01:10', '2002-06-18 02:51:31'),
(481, 'Reina', 'Hilpert', 670, 6, 'aondricka@example.org', '1990-08-31 15:17:15', '1999-01-14 22:19:06'),
(482, 'Tabitha', 'Orn', 1, 0, 'korey.effertz@example.net', '1976-11-21 04:38:13', '1971-04-30 05:48:36'),
(483, 'Bruce', 'Morar', 1, 12367, 'doyle.jaunita@example.org', '1987-08-30 09:48:27', '1971-04-12 03:28:30'),
(484, 'Tomasa', 'Luettgen', 1, 407, 'tomas57@example.org', '1982-11-15 21:57:35', '2006-11-09 05:25:59'),
(485, 'Lukas', 'Brown', 392603, 297969, 'mayra86@example.org', '2012-01-18 18:55:49', '1971-06-02 17:19:08'),
(486, 'Ferne', 'Pagac', 203, 51, 'rosa82@example.net', '1984-08-31 15:41:48', '1990-04-03 07:17:57'),
(487, 'Myrna', 'Hodkiewicz', 50, 846274, 'gschumm@example.com', '2011-12-30 07:16:34', '2019-03-24 04:27:23'),
(488, 'Marcos', 'Mann', 8388607, 83, 'lwill@example.net', '2016-12-09 10:25:23', '1980-01-18 19:23:55'),
(489, 'Jalyn', 'Leffler', 0, 533, 'leannon.river@example.net', '1995-08-12 17:32:46', '1983-09-30 23:54:45'),
(490, 'Mariam', 'Adams', 610761, 911, 'green.dewitt@example.org', '1986-02-06 01:25:13', '2004-03-01 01:11:32'),
(491, 'Emie', 'Thompson', 1, 732, 'fadel.antonia@example.com', '1998-09-15 19:45:20', '2012-05-17 15:44:43'),
(492, 'Ruthe', 'Heidenreich', 117, 679784888, 'green.mireya@example.com', '2016-01-17 02:53:47', '2016-10-10 02:14:14'),
(493, 'Meredith', 'Orn', 8388607, 101, 'lindsey.bartoletti@example.net', '1983-05-07 01:11:11', '2004-01-12 13:12:35'),
(494, 'Winston', 'Beahan', 613, 442966271, 'rafaela.dicki@example.com', '1990-01-13 08:26:39', '1993-10-12 08:17:34'),
(495, 'Jett', 'Hessel', 1, 5396, 'ibrahim94@example.org', '2017-10-23 11:22:44', '1985-05-01 06:41:33'),
(496, 'Estelle', 'Dibbert', 362, 98856736, 'hadley14@example.net', '2009-10-21 05:10:47', '2015-12-03 13:26:13'),
(497, 'Malinda', 'Spencer', 8388607, 66794, 'raynor.doris@example.com', '1991-03-03 14:19:09', '2005-02-20 20:17:29'),
(498, 'Tess', 'Oberbrunner', 85, 726, 'swehner@example.com', '1972-12-20 13:32:44', '1973-01-12 09:28:23'),
(499, 'Modesto', 'Rempel', 0, 3398, 'ansley45@example.org', '2008-12-26 09:21:46', '1993-03-01 22:19:30'),
(500, 'Weldon', 'Wilkinson', 1, 81, 'jarvis06@example.org', '1985-10-18 12:28:28', '1983-04-27 16:08:31'),
(501, 'Kasandra', 'Blanda', 8, 64932, 'satterfield.gladyce@example.org', '2010-04-28 08:28:39', '2016-05-20 04:02:47');

-- --------------------------------------------------------

--
-- Table structure for table `deliveries`
--

CREATE TABLE `deliveries` (
  `id` int(11) NOT NULL,
  `deliveryNo` int(11) NOT NULL,
  `status` enum('Ongoing','Delivered') NOT NULL,
  `date_delivered` timestamp NOT NULL DEFAULT CURRENT_TIMESTAMP ON UPDATE CURRENT_TIMESTAMP,
  `date_completed` date DEFAULT NULL
) ENGINE=InnoDB DEFAULT CHARSET=latin1;

--
-- Dumping data for table `deliveries`
--

INSERT INTO `deliveries` (`id`, `deliveryNo`, `status`, `date_delivered`, `date_completed`) VALUES
(18, 100, 'Ongoing', '2019-11-22 01:17:01', NULL),
(19, 215, 'Ongoing', '2019-11-22 02:59:48', NULL),
(20, 2, 'Delivered', '2020-01-02 13:16:12', '2020-01-03'),
(21, 89, 'Delivered', '2020-01-02 13:16:12', '2020-01-02'),
(22, 10, 'Ongoing', '2020-01-07 05:58:13', NULL),
(23, 11, 'Ongoing', '2020-01-07 05:58:13', NULL),
(24, 12, 'Ongoing', '2020-01-07 05:58:23', NULL),
(25, 13, 'Ongoing', '2020-01-07 05:58:13', NULL),
(26, 18, 'Ongoing', '2020-01-07 05:58:13', NULL),
(27, 14, 'Ongoing', '2020-01-07 05:58:13', NULL),
(28, 15, 'Ongoing', '2020-01-07 05:58:13', NULL),
(29, 16, 'Ongoing', '2020-01-07 05:58:29', NULL),
(30, 17, 'Ongoing', '2020-01-07 05:58:13', NULL),
(31, 18, 'Ongoing', '2020-01-07 05:58:13', NULL),
(32, 21, 'Delivered', '2020-01-07 05:59:40', '2020-01-08'),
(33, 22, 'Delivered', '2020-01-07 05:59:40', '2020-01-09'),
(34, 23, 'Delivered', '2020-01-07 05:59:40', '2020-01-09'),
(35, 24, 'Delivered', '2020-01-07 05:59:40', '2020-01-09'),
(36, 25, 'Delivered', '2020-01-07 05:59:40', '2020-01-10');

-- --------------------------------------------------------

--
-- Table structure for table `job_order`
--

CREATE TABLE `job_order` (
  `jo_id` int(10) UNSIGNED NOT NULL,
  `client_id` int(10) UNSIGNED NOT NULL,
  `mechanic_id` int(10) UNSIGNED NOT NULL,
  `vehicle_id` int(10) UNSIGNED NOT NULL,
  `product_id` int(10) UNSIGNED NOT NULL,
  `service_id` int(10) NOT NULL,
  `quantity` int(11) NOT NULL,
  `total` int(10) NOT NULL,
  `status` int(11) NOT NULL,
  `date_created` timestamp NULL DEFAULT NULL
) ENGINE=MyISAM DEFAULT CHARSET=latin1;

--
-- Dumping data for table `job_order`
--

INSERT INTO `job_order` (`jo_id`, `client_id`, `mechanic_id`, `vehicle_id`, `product_id`, `service_id`, `quantity`, `total`, `status`, `date_created`) VALUES
(1, 3, 1, 1, 26, 2, 3, 123, 1, '2019-09-30 16:00:00'),
(2, 27, 3, 1, 35, 1, 3, 64671, 1, NULL),
(3, 27, 2, 2, 30, 1, 12, 134724, 1, NULL),
(4, 28, 1, 2, 30, 1, 34, 366962, 1, NULL),
(5, 28, 1, 2, 34, 1, 5, 53965, 1, NULL),
(6, 28, 2, 2, 29, 4, 69, 1179900, 1, NULL),
(7, 27, 2, 2, 26, 6, 500, 3756000, 1, NULL),
(8, 27, 2, 2, 27, 6, 1, 7512, 1, NULL);

-- --------------------------------------------------------

--
-- Table structure for table `mechanic`
--

CREATE TABLE `mechanic` (
  `mechanic_id` int(10) NOT NULL,
  `firstname` varchar(255) NOT NULL,
  `lastname` varchar(255) NOT NULL,
  `contact_no` varchar(16) NOT NULL,
  `address` varchar(255) NOT NULL,
  `date_created` timestamp NOT NULL DEFAULT CURRENT_TIMESTAMP ON UPDATE CURRENT_TIMESTAMP,
  `date_updated` timestamp NOT NULL DEFAULT CURRENT_TIMESTAMP ON UPDATE CURRENT_TIMESTAMP
) ENGINE=MyISAM DEFAULT CHARSET=latin1;

--
-- Dumping data for table `mechanic`
--

INSERT INTO `mechanic` (`mechanic_id`, `firstname`, `lastname`, `contact_no`, `address`, `date_created`, `date_updated`) VALUES
(1, 'Justine', 'Dungan', '09362842650', 'Bakakeng', '2020-01-07 05:45:33', '2020-01-07 05:45:33'),
(2, 'Jin', 'Woo', '09123456789', 'Baguio city', '0000-00-00 00:00:00', '2020-01-02 10:09:12'),
(3, 'Steve', 'Fox', '09987654321', 'Baguio City', '2019-10-14 16:00:00', '2020-01-02 10:08:57'),
(4, 'Ben', 'Doherty', '09330679448', 'Baguio City', '0000-00-00 00:00:00', '2020-01-07 05:44:29'),
(5, 'Theodore', 'Matthams', '09380735524', 'Baguio City', '0000-00-00 00:00:00', '2020-01-07 05:44:29'),
(6, 'Adrian', 'Mccall', '09202601871', 'Baguio City', '0000-00-00 00:00:00', '2020-01-07 05:44:29'),
(7, 'Byron', 'Coffey', '09935337957', 'Baguio City', '0000-00-00 00:00:00', '2020-01-07 05:44:29'),
(8, 'Leonardo', 'Mckay', '09650118024', 'Baguio City', '0000-00-00 00:00:00', '2020-01-07 05:44:29'),
(9, 'Gregory', 'Mclaughlin', '09486422309', 'Baguio City', '0000-00-00 00:00:00', '2020-01-07 05:44:29'),
(10, 'Carmen', 'James', '09782427484', 'Baguio City', '0000-00-00 00:00:00', '2020-01-07 05:44:29'),
(11, 'Tia', 'Singh', '09463614108', 'Baguio City', '0000-00-00 00:00:00', '2020-01-07 05:44:29'),
(12, 'Cole ', 'Booker', '09376859937', 'Baguio City', '0000-00-00 00:00:00', '2020-01-07 05:44:29'),
(13, 'Wayn', 'Horne', '09873600610', 'Baguio City', '2020-01-06 16:00:00', '2020-01-07 05:44:29'),
(14, 'Cheyenne', 'Gibson', '09093691532', 'Baguio City', '2020-01-07 05:48:51', '2020-01-07 05:48:51'),
(15, 'Kalvin', 'Blair', '09497885538', 'Baguio City', '2020-01-07 05:48:51', '2020-01-07 05:48:51'),
(16, 'Ansh', 'Wang ', '09316779755', 'Baguio City', '2020-01-07 05:48:51', '2020-01-07 05:48:51'),
(17, 'Enya', 'Curry', '09097682298', 'Baguio City', '2020-01-07 05:48:51', '2020-01-07 05:48:51'),
(18, 'Matteo', 'Gillard', '09103989563', 'Baguio City', '2020-01-07 05:48:51', '2020-01-07 05:48:51');

-- --------------------------------------------------------

--
-- Table structure for table `migrations`
--

CREATE TABLE `migrations` (
  `id` int(10) UNSIGNED NOT NULL,
  `migration` varchar(191) COLLATE utf8mb4_unicode_ci NOT NULL,
  `batch` int(11) NOT NULL
) ENGINE=InnoDB DEFAULT CHARSET=utf8mb4 COLLATE=utf8mb4_unicode_ci;

--
-- Dumping data for table `migrations`
--

INSERT INTO `migrations` (`id`, `migration`, `batch`) VALUES
(1, '2014_10_12_000000_create_users_table', 1),
(2, '2014_10_12_100000_create_password_resets_table', 1),
(3, '2019_02_27_140321_create_clients_table', 1),
(4, '2019_02_27_140500_create_products_table', 1),
(5, '2019_03_01_154714_create_provider_table', 1),
(6, '2019_03_01_155351_create_product_details_table', 1),
(7, '2019_03_11_042728_create_transactions_table', 1),
(8, '2019_04_20_072220_create_category_table', 1),
(9, '2019_04_27_160039_create_purchase_order', 1),
(10, '2019_04_27_160321_create_purchase_order_details', 1);

-- --------------------------------------------------------

--
-- Table structure for table `password_resets`
--

CREATE TABLE `password_resets` (
  `email` varchar(191) COLLATE utf8mb4_unicode_ci NOT NULL,
  `token` varchar(191) COLLATE utf8mb4_unicode_ci NOT NULL,
  `created_at` timestamp NULL DEFAULT NULL
) ENGINE=InnoDB DEFAULT CHARSET=utf8mb4 COLLATE=utf8mb4_unicode_ci;

-- --------------------------------------------------------

--
-- Table structure for table `products`
--

CREATE TABLE `products` (
  `product_id` int(11) UNSIGNED NOT NULL,
  `product_name` varchar(255) COLLATE utf8mb4_unicode_ci NOT NULL,
  `product_quantity` int(11) NOT NULL,
  `product_price` decimal(11,2) NOT NULL,
  `supplier_id` int(11) NOT NULL DEFAULT '1'
) ENGINE=InnoDB DEFAULT CHARSET=utf8mb4 COLLATE=utf8mb4_unicode_ci;

--
-- Dumping data for table `products`
--

INSERT INTO `products` (`product_id`, `product_name`, `product_quantity`, `product_price`, `supplier_id`) VALUES
(26, 'Microtex Tire Black 30ml w/ Conditioner', 20, '12.00', 1),
(27, 'Microtex Shampoo 1L', 24, '150.00', 1),
(28, 'Microtex Shampoo 2L', 12, '270.00', 2),
(29, 'Microtex Wash & Wax Twin Pack', 50, '15.00', 1),
(30, 'Microtex Wash & Wax 500ml', 36, '200.00', 1),
(31, 'Microtex Wash & Wax 1L', 2, '350.00', 1),
(32, 'Microtex Wash & Wax 2L', 2, '350.00', 1),
(33, 'Microtex Tire Black 30ml w/Conditioner', 594, '25.00', 1),
(34, 'Microtex Tire Black 125ml w/Conditioner', 24, '65.00', 1),
(35, 'Microtex Tire Black 250ml w/Conditioner', 12, '120.00', 1),
(36, 'Microtex Tire Black 500ml w/Conditioner', 10, '220.00', 1),
(37, 'Microtex Wash Mitt', 12, '330.00', 1),
(38, 'Microtex Wash Pad', 48, '250.00', 1),
(39, 'Microtex Chamois ', 24, '600.00', 1),
(40, 'Microtex Elite(Junior)', 6, '330.00', 1),
(41, 'Microtex Elite Junior(Towel)', 12, '330.00', 1),
(42, 'Microtex Suede', 24, '210.00', 1),
(43, 'Mircotex Terry', 12, '130.00', 1),
(44, 'Mircotex Plush', 12, '180.00', 1),
(45, 'Mircotex Ultra Plush', 12, '230.00', 2),
(46, 'Microtex Supreme', 6, '350.00', 2),
(47, 'Microtex Duster(S)', 16, '190.00', 1),
(48, 'Microtex Duster(L)', 12, '500.00', 1),
(49, 'Mircotex Duster Refill(S)', 24, '140.00', 1),
(50, 'Mircotex Duster Refill(S)', 12, '500.00', 1),
(51, 'Microtex Clay Bar 100g', 6, '400.00', 1),
(52, 'Microtex Clay Bar 200g', 6, '700.00', 1),
(53, 'Microtex Detailng Brush', 12, '600.00', 1),
(54, 'Microtex Pad Spur', 1, '450.00', 1),
(55, 'Microtex Apron', 1, '350.00', 1),
(56, 'Microtex Belt Bag', 12, '250.00', 1),
(57, 'Microtex Cutting Pad 8\" Waffle(Yellow)', 12, '530.00', 1),
(58, 'Microtex Cutting Pad 8\"(Yellow)', 12, '530.00', 1),
(59, 'Microtex Cutting Pad 6\"(Yellow)', 12, '400.00', 1),
(60, 'Microtex Cutting Pad 3\" (Yellow)', 12, '200.00', 1),
(61, 'Microtex Quick Shine 500ml Camauba Spray', 12, '280.00', 1),
(62, 'Microtex Quick Shine 3800ml', 4, '1730.00', 1),
(63, 'Microtex Dry Wash 500ml-Waterless Wash', 12, '180.00', 1),
(64, 'Microtex Dry Wash 1000ml-Waterless Wash', 6, '450.00', 1),
(65, 'Microtex Dry Wash 3800ml', 4, '1400.00', 1),
(66, 'Microtex C\'Tru 500ml(RTU)', 12, '110.00', 1),
(67, 'Microtex C\'Tru 1000ml', 6, '250.00', 1),
(68, 'Microtex C\'Tru 1000ml-Concentrated(1:3)\r\n', 6, '250.00', 1),
(69, 'Microtex C\'Tru 3800ml-Concentrated(1:3)\r\n', 4, '600.00', 1),
(70, 'Prochoice Shampoo 1L', 6, '90.00', 1),
(71, 'Prochoice Shampoo 4L', 4, '220.00', 1),
(72, 'Prochoice Shampoo 20L', 1, '800.00', 1),
(73, 'Prochoice Glass Cleaner 1L', 6, '80.00', 1),
(74, 'Prochoice Stain Remover 1L', 6, '300.00', 1),
(75, 'Prochoice Stain Remover 4L', 4, '200.00', 1),
(76, 'Prochoice All Purpose Dressing 1L', 6, '350.00', 1),
(77, 'Prochoice All Purpose Dressing 4L', 4, '1100.00', 1),
(78, 'Glaz Wiper Bead 125ml Conc(Wiper Tank Fluid)', 24, '140.00', 1),
(79, 'Glaz Wiper Bead 2000ml', 6, '190.00', 1),
(80, 'Glaz Stain Guard 70ml (Glass)', 12, '250.00', 1),
(81, 'Glaz Stainz\' Out 500ml', 5, '700.00', 1),
(82, 'Glaz No Squix 70ml(Wiper, Window & Hinges)', 12, '130.00', 1),
(83, 'Microtex LVI Restorer 125ml(Leather & Vinyl)', 24, '120.00', 1),
(84, 'Microtex LVI Restorer 125ml(Leather & Vinyl)', 12, '300.00', 1),
(85, 'Microtex LVI Restorer 3800ml', 4, '2500.00', 1),
(86, 'Microtex NanoFIL 50ml (Filler)', 24, '55.00', 1),
(87, 'Microtex NanoFIL 500ml', 12, '600.00', 1),
(88, 'Microtex NanoFIL 3800ml', 4, '2500.00', 1),
(89, 'Microtex QUICKleen 125ml w/ Antibac', 23, '60.00', 1),
(90, 'Microtex QUICKleen 125ml w/ Antibac', 12, '160.00', 1),
(91, 'Microtex QUICKleen 500ml w/ Antibac', 12, '160.00', 1),
(92, 'Microtex QUICKleen 3800ml Conc. w/ Antibac', 5, '850.00', 1),
(93, 'Prochoice Microfiber All Purpose Cloth(Green) x 3', 24, '100.00', 1),
(94, 'Prochoice Microfiber All Purpose Cloth(Green) x 12', 144, '350.00', 1),
(95, 'Prochoice Microfiber Multi-Tasker Cloth(Violet) x3', 24, '170.00', 1),
(96, 'Prochoice Microfiber Multi-Tasker Cloth(Violet) x 12', 144, '580.00', 1),
(97, 'Prochoice Microfiber Ultra Soft Cloth(Yellow) x 3', 24, '200.00', 1),
(98, 'Prochoice Microfiber Ultra Soft Cloth(Yellow) x 12', 144, '650.00', 1),
(99, 'Glaz Crystal Guard 125ml(Headlamp)', 12, '190.00', 1),
(100, 'Glaz Cystal Guard 500ml', 6, '600.00', 1);

-- --------------------------------------------------------

--
-- Table structure for table `product_details`
--

CREATE TABLE `product_details` (
  `product_id` int(11) UNSIGNED NOT NULL,
  `category_id` int(11) DEFAULT NULL,
  `brand` varchar(255) COLLATE utf8mb4_unicode_ci NOT NULL,
  `provider_id` int(10) UNSIGNED NOT NULL,
  `created_at` timestamp NULL DEFAULT NULL,
  `updated_at` timestamp NULL DEFAULT NULL
) ENGINE=InnoDB DEFAULT CHARSET=utf8mb4 COLLATE=utf8mb4_unicode_ci;

--
-- Dumping data for table `product_details`
--

INSERT INTO `product_details` (`product_id`, `category_id`, `brand`, `provider_id`, `created_at`, `updated_at`) VALUES
(26, NULL, 'facilis', 2, '1970-08-07 17:42:46', '2019-05-11 15:49:34'),
(27, NULL, 'ratione', 1, '1990-10-01 20:14:44', '1984-12-02 20:36:52'),
(28, NULL, 'animi', 2, '1994-02-12 02:38:13', '2012-07-26 07:41:21'),
(29, NULL, 'vel', 1, '1998-02-14 14:07:46', '1979-03-14 23:27:53'),
(30, NULL, 'sequi', 2, '2010-08-19 14:37:54', '2012-02-08 16:28:04'),
(31, NULL, 'minus', 1, '1984-06-24 12:56:44', '1972-05-11 05:39:38'),
(32, NULL, 'nostrum', 2, '1977-11-22 07:18:01', '2017-07-03 07:36:27'),
(33, NULL, 'aliquam', 1, '1971-12-08 17:15:03', '1982-09-07 01:33:16'),
(34, NULL, 'qui', 2, '2017-04-28 10:10:35', '1995-06-05 20:33:31'),
(35, NULL, 'alias', 1, '1976-07-13 22:49:44', '1985-10-21 14:41:06'),
(36, NULL, 'vitae', 2, '1998-01-15 18:38:46', '1972-08-06 14:05:28'),
(37, NULL, 'laborum', 1, '1971-04-10 20:10:06', '2002-02-17 01:59:04'),
(38, NULL, 'id', 2, '2000-04-07 23:36:58', '1986-03-03 14:33:41'),
(39, NULL, 'nesciunt', 1, '2004-05-16 23:16:21', '1996-11-26 07:44:40'),
(40, NULL, 'reiciendis', 2, '2003-06-08 05:07:23', '2006-10-20 08:26:35'),
(41, NULL, 'voluptatem', 1, '1983-10-21 14:38:49', '1970-10-21 16:47:11'),
(42, NULL, 'consequatur', 2, '1977-01-04 15:48:43', '1998-03-26 18:35:36'),
(43, NULL, 'id', 1, '1974-04-08 06:58:02', '1977-11-28 02:53:54'),
(44, NULL, 'et', 2, '2005-08-27 16:54:44', '1999-08-20 11:52:22'),
(45, NULL, 'error', 1, '1999-09-06 11:25:24', '1998-12-11 21:44:08'),
(46, NULL, 'non', 2, '1982-11-10 18:28:46', '1983-03-01 02:40:53'),
(47, NULL, 'harum', 1, '1996-04-05 21:16:38', '1984-04-24 12:41:44'),
(48, NULL, 'rerum', 2, '1999-06-01 07:59:04', '1979-02-06 09:05:18'),
(49, NULL, 'voluptatem', 1, '1999-06-05 15:44:09', '2012-02-10 02:54:44'),
(50, NULL, 'voluptate', 2, '1985-09-20 08:03:45', '1989-06-09 21:31:35'),
(51, NULL, 'iste', 1, '1978-08-07 21:59:17', '1995-12-22 05:05:47'),
(52, NULL, 'eligendi', 2, '1972-06-22 15:12:52', '1999-05-16 00:38:49'),
(53, NULL, 'maxime', 1, '2000-09-29 14:19:09', '1983-10-20 14:12:51'),
(54, NULL, 'quam', 2, '1977-07-19 11:01:22', '1998-03-15 13:34:01'),
(55, NULL, 'et', 1, '1987-11-23 05:57:12', '2009-10-16 22:47:44'),
(56, NULL, 'dicta', 2, '1991-10-27 01:47:38', '1991-10-04 04:46:09'),
(57, NULL, 'ex', 1, '1975-04-24 00:28:35', '1981-05-30 01:05:21'),
(58, NULL, 'quis', 2, '2015-11-08 17:30:15', '1980-10-26 19:26:25'),
(59, NULL, 'impedit', 1, '2009-05-28 03:42:31', '1981-06-20 22:17:28'),
(60, NULL, 'nihil', 2, '2002-09-16 00:47:16', '2013-12-18 23:30:04'),
(61, NULL, 'vel', 1, '1986-02-15 13:10:14', '1982-10-10 16:23:40'),
(62, NULL, 'aliquid', 2, '2007-08-29 16:14:36', '1973-07-13 19:33:44'),
(63, NULL, 'qui', 1, '2011-10-07 15:33:20', '2015-03-12 08:20:06'),
(64, NULL, 'ex', 2, '1990-10-13 09:06:18', '2002-09-24 09:02:58'),
(65, NULL, 'sit', 1, '2018-04-08 07:46:44', '1978-08-05 13:30:16'),
(66, NULL, 'sed', 2, '2000-02-28 05:06:32', '1978-04-29 12:59:26'),
(67, NULL, 'aspernatur', 1, '1986-01-16 00:39:46', '1992-05-16 14:49:56'),
(68, NULL, 'nisi', 2, '1987-07-31 10:20:13', '1976-04-11 19:09:34'),
(69, NULL, 'quod', 1, '2001-04-29 04:28:53', '1995-08-26 06:58:05'),
(70, NULL, 'repellat', 2, '1974-09-09 09:04:55', '1999-01-30 05:06:15'),
(71, NULL, 'aut', 1, '1983-07-26 20:01:57', '1974-11-22 06:49:29'),
(72, NULL, 'quidem', 2, '1991-05-14 14:35:59', '2006-06-29 05:25:43'),
(73, NULL, 'fugiat', 1, '1985-06-13 02:34:44', '1979-04-11 07:12:35'),
(74, NULL, 'consequuntur', 2, '2015-03-18 19:50:52', '1984-06-24 11:54:15'),
(75, NULL, 'eaque', 1, '2010-08-05 13:01:35', '1996-10-22 20:45:01'),
(76, NULL, 'eum', 2, '2001-01-28 05:49:53', '2008-05-01 16:40:02'),
(77, NULL, 'soluta', 1, '2000-12-30 12:33:41', '2008-07-25 08:22:44'),
(78, NULL, 'asperiores', 2, '2010-04-07 03:51:26', '2005-10-21 16:44:20'),
(79, NULL, 'eveniet', 1, '2005-12-28 10:02:49', '1975-01-06 15:01:06'),
(80, NULL, 'incidunt', 2, '2011-03-31 06:02:34', '2005-12-06 00:55:27'),
(81, NULL, 'error', 1, '1991-02-06 20:28:21', '1991-10-17 15:37:10'),
(82, NULL, 'mollitia', 2, '1984-07-06 06:21:39', '2010-10-25 08:13:04'),
(83, NULL, 'voluptatem', 1, '2008-09-08 05:05:35', '1996-07-21 17:30:19'),
(84, NULL, 'dolorem', 2, '2017-02-12 14:38:49', '2008-08-13 17:01:42'),
(85, NULL, 'nihil', 1, '1973-11-12 09:28:51', '1980-01-16 05:53:28'),
(86, NULL, 'eveniet', 2, '1976-05-06 19:00:04', '1999-06-01 00:49:35'),
(87, NULL, 'ut', 1, '2011-01-04 02:58:57', '1999-05-07 02:48:24'),
(88, NULL, 'accusamus', 2, '2006-11-27 04:05:18', '1975-06-05 08:15:58'),
(89, NULL, 'et', 1, '1990-06-26 22:34:33', '2014-03-30 00:08:53'),
(90, NULL, 'cum', 2, '2015-01-18 13:25:29', '1984-03-06 14:33:05'),
(91, NULL, 'dolores', 1, '1986-04-05 03:11:29', '1980-10-24 16:55:18'),
(92, NULL, 'reprehenderit', 2, '1996-05-28 07:52:03', '1990-07-16 15:26:25'),
(93, NULL, 'dolorem', 1, '1989-10-22 06:03:37', '2006-05-12 14:56:07'),
(94, NULL, 'molestias', 2, '1978-03-01 06:35:14', '1989-02-14 20:20:38'),
(95, NULL, 'vero', 1, '2002-03-02 00:30:43', '1978-03-07 16:36:20'),
(96, NULL, 'repellat', 2, '1981-05-16 08:31:07', '1991-02-27 08:03:10'),
(97, NULL, 'consequatur', 1, '2017-03-17 10:48:11', '2007-11-19 10:29:24'),
(98, NULL, 'sunt', 2, '2010-10-04 22:36:08', '1994-05-05 04:49:00'),
(99, NULL, 'recusandae', 1, '1980-09-21 11:02:18', '1971-04-23 16:46:55'),
(100, NULL, 'ipsum', 2, '1990-11-16 10:54:47', '1990-04-03 22:39:50');

-- --------------------------------------------------------

--
-- Table structure for table `provider`
--

CREATE TABLE `provider` (
  `provider_id` int(10) UNSIGNED NOT NULL,
  `name` varchar(255) COLLATE utf8mb4_unicode_ci NOT NULL
) ENGINE=InnoDB DEFAULT CHARSET=utf8mb4 COLLATE=utf8mb4_unicode_ci;

--
-- Dumping data for table `provider`
--

INSERT INTO `provider` (`provider_id`, `name`) VALUES
(1, 'test_provider'),
(2, 'test_provider2');

-- --------------------------------------------------------

--
-- Table structure for table `purchase_order`
--

CREATE TABLE `purchase_order` (
  `po_id` int(10) UNSIGNED NOT NULL,
  `recipient` varchar(191) COLLATE utf8mb4_unicode_ci NOT NULL,
  `supplier_id` int(11) NOT NULL,
  `to_address` varchar(255) COLLATE utf8mb4_unicode_ci NOT NULL,
  `status` enum('Ongoing','Delivered') COLLATE utf8mb4_unicode_ci NOT NULL DEFAULT 'Ongoing',
  `date` timestamp NOT NULL DEFAULT CURRENT_TIMESTAMP ON UPDATE CURRENT_TIMESTAMP,
  `product_id` int(11) NOT NULL,
  `total` int(11) NOT NULL,
  `deliveryNo` varchar(255) COLLATE utf8mb4_unicode_ci NOT NULL,
  `quantity_ordered` int(11) NOT NULL,
  `item_recieved` int(11) DEFAULT '0'
) ENGINE=InnoDB DEFAULT CHARSET=utf8mb4 COLLATE=utf8mb4_unicode_ci;

--
-- Dumping data for table `purchase_order`
--

INSERT INTO `purchase_order` (`po_id`, `recipient`, `supplier_id`, `to_address`, `status`, `date`, `product_id`, `total`, `deliveryNo`, `quantity_ordered`, `item_recieved`) VALUES
(114, 'Jeff', 1, 'Jeff Off\'s Road, Irisan Road', 'Ongoing', '2019-11-22 01:17:01', 26, 22536, '100', 3, 0),
(115, 'Jeff', 1, 'Jeff Off\'s Road, Irisan Road', 'Ongoing', '2019-11-22 01:17:01', 27, 82632, '100', 11, 0),
(116, 'Arnel', 1, 'Balili', 'Ongoing', '2019-11-22 02:59:48', 26, 16194, '215', 1, 0),
(117, 'Arnel', 1, 'Balili', 'Ongoing', '2019-11-22 02:59:48', 27, 32388, '215', 2, 0),
(118, 'Arnel', 1, 'Balili', 'Ongoing', '2019-11-22 02:59:48', 28, 48582, '215', 3, 0);

-- --------------------------------------------------------

--
-- Table structure for table `service`
--

CREATE TABLE `service` (
  `service_id` int(10) NOT NULL,
  `service_name` varchar(255) NOT NULL
) ENGINE=MyISAM DEFAULT CHARSET=latin1;

--
-- Dumping data for table `service`
--

INSERT INTO `service` (`service_id`, `service_name`) VALUES
(1, 'Wheel Alignment'),
(2, 'Lifting'),
(3, 'Restoration'),
(4, 'Vehicle Painting'),
(5, 'Production Installation'),
(6, 'Others');

-- --------------------------------------------------------

--
-- Table structure for table `supplier`
--

CREATE TABLE `supplier` (
  `supplier_id` int(10) NOT NULL,
  `supplier_name` varchar(255) NOT NULL,
  `supplier_address` varchar(255) NOT NULL,
  `contact_no` varchar(16) NOT NULL,
  `date_created` datetime NOT NULL,
  `date_updated` timestamp NOT NULL DEFAULT CURRENT_TIMESTAMP ON UPDATE CURRENT_TIMESTAMP
) ENGINE=MyISAM DEFAULT CHARSET=latin1;

--
-- Dumping data for table `supplier`
--

INSERT INTO `supplier` (`supplier_id`, `supplier_name`, `supplier_address`, `contact_no`, `date_created`, `date_updated`) VALUES
(1, 'Juan Dela Cruz', 'Manila, Philippines', '09105670562', '2019-11-08 00:00:00', '2019-12-16 16:27:21'),
(2, 'Darryl Dagoat', 'Quezon City, Philippines', '09453224533', '2019-12-17 00:00:00', '2019-12-16 16:37:49');

-- --------------------------------------------------------

--
-- Table structure for table `transaction2`
--

CREATE TABLE `transaction2` (
  `transaction2_id` int(11) NOT NULL,
  `transaction_type` enum('Walk-in','JobOrder','','') NOT NULL,
  `client_id` int(11) NOT NULL,
  `product_id` int(11) NOT NULL,
  `price` int(6) DEFAULT NULL,
  `quantity` int(11) NOT NULL,
  `Total` double(11,2) DEFAULT NULL,
  `date_created` timestamp NOT NULL DEFAULT CURRENT_TIMESTAMP ON UPDATE CURRENT_TIMESTAMP,
  `update_stamp` timestamp NOT NULL DEFAULT CURRENT_TIMESTAMP ON UPDATE CURRENT_TIMESTAMP
) ENGINE=InnoDB DEFAULT CHARSET=latin1;

--
-- Dumping data for table `transaction2`
--

INSERT INTO `transaction2` (`transaction2_id`, `transaction_type`, `client_id`, `product_id`, `price`, `quantity`, `Total`, `date_created`, `update_stamp`) VALUES
(1, 'Walk-in', 3, 26, NULL, 5, 555.00, '2019-11-04 16:00:00', '2019-11-22 00:41:20'),
(2, 'Walk-in', 50, 42, NULL, 12, NULL, '2020-01-02 14:26:00', '2020-01-02 14:26:00'),
(3, 'Walk-in', 44, 39, NULL, 4, NULL, '2020-01-02 14:26:00', '2020-01-02 14:26:00');

-- --------------------------------------------------------

--
-- Table structure for table `transactions`
--

CREATE TABLE `transactions` (
  `tId` int(10) UNSIGNED NOT NULL,
  `client_id` int(10) UNSIGNED NOT NULL,
  `vehicle_id` int(11) DEFAULT NULL,
  `product_id` int(10) UNSIGNED NOT NULL,
  `quantity` int(11) NOT NULL,
  `orig_quantity` int(11) NOT NULL,
  `service` enum('Repair and Maintenance','Lifting','Wheel Alignment','Painting','N/A') COLLATE utf8mb4_unicode_ci NOT NULL DEFAULT 'N/A',
  `status` enum('Pending','Ongoing','Rendered','Cancelled') COLLATE utf8mb4_unicode_ci NOT NULL DEFAULT 'Pending',
  `price` int(11) NOT NULL,
  `created_at` timestamp NULL DEFAULT NULL,
  `updated_at` timestamp NULL DEFAULT NULL
) ENGINE=InnoDB DEFAULT CHARSET=utf8mb4 COLLATE=utf8mb4_unicode_ci;

--
-- Dumping data for table `transactions`
--

INSERT INTO `transactions` (`tId`, `client_id`, `vehicle_id`, `product_id`, `quantity`, `orig_quantity`, `service`, `status`, `price`, `created_at`, `updated_at`) VALUES
(26, 27, NULL, 26, 230, 0, 'Wheel Alignment', 'Rendered', 21845, '2005-03-01 15:33:53', '1988-09-16 14:42:38'),
(27, 28, NULL, 27, 560, 0, 'Repair and Maintenance', 'Pending', 8668, '2002-11-16 17:43:08', '2018-06-20 07:25:14'),
(28, 29, NULL, 28, 393, 0, 'Wheel Alignment', 'Rendered', 19988, '2004-03-20 13:02:06', '2018-05-26 12:36:18'),
(29, 30, NULL, 29, 62, 0, 'N/A', 'Cancelled', 23521, '1970-01-06 14:45:44', '1975-12-22 09:57:21'),
(30, 31, NULL, 30, 441, 0, 'Wheel Alignment', 'Ongoing', 23092, '2010-08-08 13:38:04', '2007-07-09 16:52:18'),
(31, 32, NULL, 31, 499, 0, 'Wheel Alignment', 'Ongoing', 16528, '1980-03-20 20:32:11', '1974-03-26 23:09:23'),
(32, 33, NULL, 32, 335, 0, 'Painting', 'Pending', 7880, '1997-10-07 17:25:02', '2004-09-14 09:52:30'),
(33, 34, NULL, 33, 773, 0, 'Wheel Alignment', 'Ongoing', 14191, '1996-07-03 06:41:14', '1971-02-22 21:09:11'),
(34, 35, NULL, 34, 572, 0, 'N/A', 'Cancelled', 7724, '1971-04-16 14:00:53', '1984-08-13 07:20:37'),
(35, 36, NULL, 35, 512, 0, 'N/A', 'Ongoing', 3555, '1993-02-24 09:03:47', '1976-08-17 00:06:16'),
(36, 37, NULL, 36, 688, 0, 'Painting', 'Pending', 22501, '1979-07-17 19:02:28', '1982-06-25 11:05:31'),
(37, 38, NULL, 37, 435, 0, 'Repair and Maintenance', 'Pending', 16410, '2012-02-18 11:54:01', '1996-06-17 06:44:02'),
(38, 39, NULL, 38, 416, 0, 'N/A', 'Pending', 24071, '1992-04-02 13:24:46', '2016-05-17 21:40:46'),
(39, 40, NULL, 39, 606, 0, 'Repair and Maintenance', 'Pending', 22808, '2009-05-12 19:16:40', '1988-07-10 23:52:01'),
(40, 41, NULL, 40, 664, 0, 'Lifting', 'Rendered', 20824, '2012-06-16 01:04:56', '2014-09-11 05:09:24'),
(41, 42, NULL, 41, 658, 0, 'N/A', 'Pending', 19169, '2014-10-04 01:00:19', '1990-08-30 11:34:21'),
(42, 43, NULL, 42, 351, 0, 'N/A', 'Ongoing', 13347, '2001-12-11 00:54:19', '2010-07-19 22:16:46'),
(43, 44, NULL, 43, 38, 0, 'Lifting', 'Pending', 18051, '1979-09-09 00:05:27', '1976-04-04 05:31:47'),
(44, 45, NULL, 44, 267, 0, 'Repair and Maintenance', 'Rendered', 11961, '1998-09-10 12:48:08', '2003-04-27 13:18:03'),
(45, 46, NULL, 45, 220, 0, 'N/A', 'Cancelled', 11681, '2018-03-28 10:40:24', '2013-03-24 14:07:00'),
(46, 47, NULL, 46, 262, 0, 'Wheel Alignment', 'Cancelled', 4134, '1996-07-01 20:57:06', '1976-11-29 18:10:55'),
(47, 48, NULL, 47, 32, 0, 'Repair and Maintenance', 'Rendered', 10210, '1971-09-14 15:38:10', '1995-09-08 23:45:23'),
(48, 49, NULL, 48, 719, 0, 'Lifting', 'Ongoing', 18887, '1981-05-30 20:31:42', '1988-11-20 13:11:12'),
(49, 50, NULL, 49, 401, 0, 'Lifting', 'Ongoing', 11230, '1992-08-07 17:09:13', '2007-03-28 10:23:01'),
(50, 51, NULL, 50, 14, 0, 'Repair and Maintenance', 'Cancelled', 13628, '2009-04-06 11:05:35', '2015-06-20 02:05:25'),
(51, 52, NULL, 51, 955, 0, 'N/A', 'Ongoing', 1759, '1991-05-24 23:58:05', '2006-07-23 23:11:24'),
(52, 53, NULL, 52, 915, 0, 'N/A', 'Pending', 20345, '1988-12-03 04:10:14', '1979-01-13 11:25:03'),
(53, 54, NULL, 53, 699, 0, 'Wheel Alignment', 'Rendered', 7827, '1981-09-14 23:31:03', '1991-09-27 03:48:31'),
(54, 55, NULL, 54, 165, 0, 'Repair and Maintenance', 'Cancelled', 20138, '1976-05-28 15:32:07', '2013-01-31 01:46:50'),
(55, 56, NULL, 55, 796, 0, 'Lifting', 'Cancelled', 8185, '1992-04-03 19:07:38', '1986-01-01 15:37:04'),
(56, 57, NULL, 56, 578, 0, 'Painting', 'Cancelled', 1795, '2016-06-28 22:42:35', '1974-09-09 01:13:59'),
(57, 58, NULL, 57, 438, 0, 'Repair and Maintenance', 'Cancelled', 24106, '2006-02-09 13:24:42', '2007-10-07 20:22:50'),
(58, 59, NULL, 58, 858, 0, 'Lifting', 'Ongoing', 2247, '2001-05-28 13:03:06', '1991-12-13 14:18:39'),
(59, 60, NULL, 59, 393, 0, 'Painting', 'Cancelled', 18584, '2010-03-13 09:54:14', '2014-06-02 19:06:17'),
(60, 61, NULL, 60, 269, 0, 'N/A', 'Cancelled', 7639, '2011-10-04 14:29:17', '1978-11-07 14:55:16'),
(61, 62, NULL, 61, 164, 0, 'Lifting', 'Ongoing', 9228, '2010-01-03 16:52:56', '1990-11-10 16:05:53'),
(62, 63, NULL, 62, 229, 0, 'Wheel Alignment', 'Cancelled', 17492, '1981-04-20 18:54:50', '2015-12-30 02:09:13'),
(63, 64, NULL, 63, 846, 0, 'N/A', 'Rendered', 4280, '2003-10-10 16:17:00', '1999-09-11 11:39:44'),
(64, 65, NULL, 64, 701, 0, 'N/A', 'Pending', 3101, '1991-11-30 07:03:58', '2015-03-02 05:42:14'),
(65, 66, NULL, 65, 573, 0, 'N/A', 'Ongoing', 5334, '2001-07-16 22:06:08', '2003-12-09 17:48:11'),
(66, 67, NULL, 66, 111, 0, 'Lifting', 'Cancelled', 21767, '1994-03-03 04:35:40', '2013-09-12 12:07:47'),
(67, 68, NULL, 67, 747, 0, 'Wheel Alignment', 'Ongoing', 7677, '2010-01-26 16:32:08', '2001-05-03 17:22:55'),
(68, 69, NULL, 68, 568, 0, 'Repair and Maintenance', 'Ongoing', 4872, '1990-04-03 23:57:14', '1973-08-08 06:30:37'),
(69, 70, NULL, 69, 171, 0, 'Wheel Alignment', 'Pending', 7969, '2016-09-16 05:09:10', '1992-05-19 23:00:46'),
(70, 71, NULL, 70, 133, 0, 'Repair and Maintenance', 'Rendered', 11672, '2002-10-23 22:51:56', '2011-07-11 17:28:59'),
(71, 72, NULL, 71, 219, 0, 'Lifting', 'Rendered', 593, '2013-11-28 16:48:43', '1993-10-19 10:53:36'),
(72, 73, NULL, 72, 107, 0, 'N/A', 'Cancelled', 1809, '2003-05-30 00:11:57', '1974-03-09 22:31:01'),
(73, 74, NULL, 73, 777, 0, 'Lifting', 'Pending', 17023, '1978-05-15 12:18:19', '2014-04-24 10:11:03'),
(74, 75, NULL, 74, 614, 0, 'Repair and Maintenance', 'Pending', 12939, '2001-06-18 14:09:00', '2000-10-19 08:38:45'),
(75, 76, NULL, 75, 659, 0, 'N/A', 'Pending', 10982, '1978-10-20 06:38:08', '1989-09-29 10:39:52'),
(76, 77, NULL, 76, 559, 0, 'Lifting', 'Pending', 24022, '1984-04-08 17:39:26', '1997-05-29 12:51:43'),
(77, 78, NULL, 77, 803, 0, 'Repair and Maintenance', 'Rendered', 10356, '2019-04-03 05:34:44', '1997-08-31 18:30:41'),
(78, 79, NULL, 78, 736, 0, 'Lifting', 'Ongoing', 14750, '2016-10-23 17:54:48', '2003-05-17 18:18:47'),
(79, 80, NULL, 79, 767, 0, 'Lifting', 'Cancelled', 14961, '1981-10-27 18:31:39', '2005-01-14 21:27:45'),
(80, 81, NULL, 80, 400, 0, 'Painting', 'Pending', 4507, '2005-04-22 15:41:15', '2019-04-08 21:27:21'),
(81, 82, NULL, 81, 131, 0, 'N/A', 'Ongoing', 24235, '1974-12-07 02:35:33', '2016-05-26 10:22:21'),
(82, 83, NULL, 82, 329, 0, 'Lifting', 'Ongoing', 16086, '1994-02-11 23:44:39', '2005-08-03 00:30:10'),
(83, 84, NULL, 83, 525, 0, 'Lifting', 'Rendered', 2682, '2015-04-28 18:46:50', '2018-07-10 16:14:57'),
(84, 85, NULL, 84, 6, 0, 'Painting', 'Rendered', 19973, '1984-11-12 19:00:09', '1994-02-12 17:56:31'),
(85, 86, NULL, 85, 796, 0, 'N/A', 'Rendered', 679, '1991-05-21 22:14:39', '1978-03-20 03:47:27'),
(86, 87, NULL, 86, 368, 0, 'Lifting', 'Cancelled', 792, '2003-07-28 17:45:58', '1974-10-21 08:35:09'),
(87, 88, NULL, 87, 553, 0, 'Lifting', 'Pending', 7632, '2005-04-03 04:44:39', '2000-10-30 10:26:17'),
(88, 89, NULL, 88, 931, 0, 'Lifting', 'Rendered', 13010, '1978-12-05 00:04:40', '2016-12-09 13:02:33'),
(89, 90, NULL, 89, 854, 0, 'Wheel Alignment', 'Ongoing', 3463, '1999-10-02 21:16:51', '2004-12-20 00:27:10'),
(90, 91, NULL, 90, 845, 0, 'Wheel Alignment', 'Ongoing', 20503, '1998-06-05 02:43:35', '1975-05-12 08:05:03'),
(91, 92, NULL, 91, 472, 0, 'Repair and Maintenance', 'Pending', 20459, '1995-02-11 07:46:06', '1970-03-11 20:37:57'),
(92, 93, NULL, 92, 386, 0, 'Wheel Alignment', 'Pending', 17275, '1972-04-20 15:58:18', '2003-10-15 06:41:36'),
(93, 94, NULL, 93, 290, 0, 'Repair and Maintenance', 'Cancelled', 1902, '1974-11-22 19:13:02', '1995-03-07 20:16:03'),
(94, 95, NULL, 94, 535, 0, 'Painting', 'Pending', 12274, '1976-02-05 03:58:42', '1975-12-23 11:33:55'),
(95, 96, NULL, 95, 354, 0, 'Wheel Alignment', 'Pending', 18399, '2013-07-30 10:52:38', '1981-03-15 05:45:52'),
(96, 97, NULL, 96, 916, 0, 'Painting', 'Ongoing', 21792, '1998-12-24 16:41:22', '2017-11-13 10:17:27'),
(97, 98, NULL, 97, 431, 0, 'Repair and Maintenance', 'Ongoing', 8475, '2009-11-19 11:49:56', '1979-04-23 18:37:40'),
(98, 99, NULL, 98, 861, 0, 'Wheel Alignment', 'Rendered', 13695, '2001-07-26 18:22:07', '1973-12-01 18:40:15'),
(99, 100, NULL, 99, 490, 0, 'Lifting', 'Pending', 22938, '2015-07-11 10:16:46', '1983-03-13 20:27:00'),
(100, 101, NULL, 100, 685, 0, 'Painting', 'Rendered', 13087, '2007-08-10 19:05:03', '1987-04-16 14:40:46'),
(126, 127, NULL, 26, 379, 0, 'Wheel Alignment', 'Ongoing', 892, '1980-08-22 14:25:09', '1977-10-12 19:41:13'),
(127, 128, NULL, 27, 556, 0, 'Wheel Alignment', 'Pending', 20049, '1994-06-20 14:02:28', '2014-03-04 19:16:03'),
(128, 129, NULL, 28, 390, 0, 'N/A', 'Rendered', 6918, '2013-08-26 06:27:51', '2007-12-23 05:32:05'),
(129, 130, NULL, 29, 677, 0, 'Repair and Maintenance', 'Rendered', 23360, '2004-02-02 04:55:49', '1989-10-23 23:12:22'),
(130, 131, NULL, 30, 665, 0, 'Painting', 'Rendered', 10037, '2008-07-01 10:35:49', '2000-07-18 11:22:56'),
(131, 132, NULL, 31, 723, 0, 'Painting', 'Cancelled', 21054, '2003-06-26 08:22:50', '2015-03-25 06:44:25'),
(132, 133, NULL, 32, 947, 0, 'Repair and Maintenance', 'Rendered', 721, '2019-06-15 14:25:20', '1988-10-23 08:27:27'),
(133, 134, NULL, 33, 56, 0, 'Lifting', 'Rendered', 24480, '1970-02-16 14:19:43', '1974-10-14 23:07:44'),
(134, 135, NULL, 34, 299, 0, 'N/A', 'Ongoing', 2825, '2000-07-24 11:34:04', '1983-05-25 23:20:50'),
(135, 136, NULL, 35, 514, 0, 'Repair and Maintenance', 'Cancelled', 19701, '1985-09-07 08:34:38', '1976-08-23 10:26:24'),
(136, 137, NULL, 36, 800, 0, 'Wheel Alignment', 'Rendered', 23126, '1984-04-20 18:04:34', '2010-06-28 18:18:18'),
(137, 138, NULL, 37, 715, 0, 'Wheel Alignment', 'Pending', 24464, '1974-04-01 23:10:09', '1980-10-04 23:40:16'),
(138, 139, NULL, 38, 646, 0, 'Wheel Alignment', 'Pending', 5559, '1978-10-24 13:57:01', '1980-11-21 15:36:57'),
(139, 140, NULL, 39, 750, 0, 'Lifting', 'Ongoing', 16050, '2018-06-15 01:29:38', '2019-07-26 03:58:11'),
(140, 141, NULL, 40, 891, 0, 'Lifting', 'Pending', 5569, '1982-09-23 14:19:02', '2012-02-23 12:08:29'),
(141, 142, NULL, 41, 163, 0, 'Painting', 'Rendered', 14426, '1982-03-22 06:03:18', '1984-01-13 08:21:13'),
(142, 143, NULL, 42, 535, 0, 'Wheel Alignment', 'Pending', 2235, '1985-09-03 02:36:49', '2003-06-17 07:28:47'),
(143, 144, NULL, 43, 612, 0, 'Repair and Maintenance', 'Cancelled', 16220, '1976-01-24 07:10:11', '2012-09-11 22:18:32'),
(144, 145, NULL, 44, 487, 0, 'N/A', 'Ongoing', 22233, '1992-03-28 10:57:02', '2017-11-03 13:57:39'),
(145, 146, NULL, 45, 747, 0, 'Painting', 'Pending', 17670, '1997-10-23 06:04:33', '1987-03-06 00:41:35'),
(146, 147, NULL, 46, 212, 0, 'Painting', 'Cancelled', 2459, '1985-07-07 19:11:07', '2017-12-08 02:23:11'),
(147, 148, NULL, 47, 333, 0, 'N/A', 'Rendered', 16931, '1993-03-26 13:38:06', '2013-12-14 16:12:27'),
(148, 149, NULL, 48, 723, 0, 'Wheel Alignment', 'Rendered', 7295, '1971-09-08 12:33:21', '1979-03-22 14:44:11'),
(149, 150, NULL, 49, 235, 0, 'Painting', 'Cancelled', 17483, '1987-07-09 04:13:25', '1975-01-02 14:18:17'),
(150, 151, NULL, 50, 308, 0, 'Painting', 'Rendered', 6175, '1973-05-30 16:55:19', '1972-08-19 20:22:47'),
(151, 152, NULL, 51, 458, 0, 'Repair and Maintenance', 'Rendered', 20713, '1992-01-26 21:16:20', '1976-06-03 01:53:29'),
(152, 153, NULL, 52, 391, 0, 'Repair and Maintenance', 'Rendered', 10459, '1984-10-12 07:01:20', '1991-11-27 07:17:04'),
(153, 154, NULL, 53, 965, 0, 'N/A', 'Rendered', 356, '1993-04-25 21:11:47', '2014-06-23 12:35:36'),
(154, 155, NULL, 54, 585, 0, 'Wheel Alignment', 'Pending', 9633, '1982-10-17 00:35:06', '1984-02-16 19:05:14'),
(155, 156, NULL, 55, 828, 0, 'N/A', 'Cancelled', 19611, '1976-04-02 13:59:12', '2008-07-06 23:19:49'),
(156, 157, NULL, 56, 69, 0, 'Wheel Alignment', 'Rendered', 8052, '1995-07-27 20:33:49', '1996-04-11 01:37:14'),
(157, 158, NULL, 57, 36, 0, 'N/A', 'Cancelled', 6569, '2014-08-27 14:37:06', '1998-05-01 07:51:37'),
(158, 159, NULL, 58, 862, 0, 'Repair and Maintenance', 'Rendered', 16754, '2014-10-09 01:35:24', '1983-02-22 13:50:05'),
(159, 160, NULL, 59, 701, 0, 'N/A', 'Pending', 1176, '1993-09-17 20:27:02', '1979-07-05 02:58:54'),
(160, 161, NULL, 60, 867, 0, 'N/A', 'Rendered', 23532, '1986-01-25 09:03:59', '1998-12-11 22:58:46'),
(161, 162, NULL, 61, 374, 0, 'Wheel Alignment', 'Rendered', 8721, '2000-09-13 07:45:34', '1971-02-09 11:33:20'),
(162, 163, NULL, 62, 11, 0, 'Repair and Maintenance', 'Rendered', 16386, '2015-01-12 17:38:48', '1984-04-07 00:35:50'),
(163, 164, NULL, 63, 304, 0, 'Repair and Maintenance', 'Rendered', 3765, '1992-03-08 13:30:05', '1997-04-20 14:48:39'),
(164, 165, NULL, 64, 637, 0, 'Repair and Maintenance', 'Pending', 10674, '2008-05-28 09:39:09', '2005-09-27 18:09:02'),
(165, 166, NULL, 65, 72, 0, 'Painting', 'Rendered', 5398, '1972-01-21 01:51:43', '2003-02-14 10:04:24'),
(166, 167, NULL, 66, 225, 0, 'Repair and Maintenance', 'Ongoing', 15147, '1982-12-08 10:58:22', '2013-07-14 19:31:21'),
(167, 168, NULL, 67, 374, 0, 'N/A', 'Rendered', 8394, '2007-11-15 05:25:36', '2001-10-06 11:41:47'),
(168, 169, NULL, 68, 688, 0, 'Lifting', 'Cancelled', 9474, '2016-12-09 10:28:46', '1970-03-14 16:09:12'),
(169, 170, NULL, 69, 946, 0, 'Repair and Maintenance', 'Cancelled', 9974, '1997-05-16 03:23:04', '1973-06-28 17:42:55'),
(170, 171, NULL, 70, 857, 0, 'N/A', 'Rendered', 20415, '1993-05-13 06:27:26', '2003-12-17 06:03:51'),
(171, 172, NULL, 71, 365, 0, 'Lifting', 'Pending', 23997, '2010-10-07 03:06:41', '1976-10-09 09:17:52'),
(172, 173, NULL, 72, 685, 0, 'Wheel Alignment', 'Pending', 1634, '2000-07-21 18:14:49', '2012-03-14 07:22:25'),
(173, 174, NULL, 73, 67, 0, 'Lifting', 'Cancelled', 17652, '2016-04-10 16:25:04', '2010-06-06 16:48:18'),
(174, 175, NULL, 74, 345, 0, 'Wheel Alignment', 'Cancelled', 1590, '2010-06-11 19:15:30', '2016-03-26 00:43:11'),
(175, 176, NULL, 75, 376, 0, 'N/A', 'Cancelled', 19613, '2003-10-01 06:16:13', '1978-07-20 18:32:15'),
(176, 177, NULL, 76, 894, 0, 'N/A', 'Cancelled', 481, '1972-08-04 01:50:24', '2012-01-01 10:12:31'),
(177, 178, NULL, 77, 708, 0, 'Painting', 'Ongoing', 3189, '2004-09-21 01:13:09', '1988-07-16 03:12:39'),
(178, 179, NULL, 78, 318, 0, 'Painting', 'Cancelled', 1937, '1997-08-08 18:34:31', '2015-01-30 06:39:47'),
(179, 180, NULL, 79, 875, 0, 'Painting', 'Cancelled', 12261, '1985-07-29 15:19:54', '1973-08-10 21:12:14'),
(180, 181, NULL, 80, 46, 0, 'Repair and Maintenance', 'Rendered', 20704, '1972-10-11 14:03:14', '1992-03-23 21:42:47'),
(181, 182, NULL, 81, 553, 0, 'Painting', 'Ongoing', 1612, '1997-12-21 03:15:22', '1998-06-17 23:33:50'),
(182, 183, NULL, 82, 468, 0, 'N/A', 'Rendered', 15237, '1997-07-10 15:36:13', '1994-03-18 08:50:10'),
(183, 184, NULL, 83, 85, 0, 'N/A', 'Pending', 14026, '2005-03-31 10:44:16', '1984-07-27 09:44:24'),
(184, 185, NULL, 84, 982, 0, 'Wheel Alignment', 'Rendered', 2175, '1984-01-08 19:17:04', '1973-03-23 01:31:19'),
(185, 186, NULL, 85, 71, 0, 'Repair and Maintenance', 'Pending', 21048, '2015-12-28 06:28:01', '2004-08-09 05:38:13'),
(186, 187, NULL, 86, 524, 0, 'Lifting', 'Cancelled', 1727, '1987-10-19 06:09:24', '1975-05-12 16:07:16'),
(187, 188, NULL, 87, 463, 0, 'Repair and Maintenance', 'Cancelled', 10438, '2004-01-29 14:29:25', '2015-05-10 19:40:30'),
(188, 189, NULL, 88, 36, 0, 'Lifting', 'Rendered', 22456, '1977-05-30 05:46:07', '2014-02-15 23:49:12'),
(189, 190, NULL, 89, 374, 0, 'Wheel Alignment', 'Ongoing', 16237, '1996-09-06 05:20:09', '1986-07-29 23:19:58'),
(190, 191, NULL, 90, 404, 0, 'Wheel Alignment', 'Rendered', 18307, '1983-08-14 12:06:08', '2018-06-19 12:24:49'),
(191, 192, NULL, 91, 493, 0, 'N/A', 'Pending', 3540, '1970-03-14 20:56:08', '2016-12-06 09:07:46'),
(192, 193, NULL, 92, 317, 0, 'Wheel Alignment', 'Pending', 7537, '1991-02-15 10:56:42', '1980-04-20 00:02:49'),
(193, 194, NULL, 93, 295, 0, 'Repair and Maintenance', 'Pending', 384, '2011-02-26 05:37:33', '2008-09-27 00:51:07'),
(194, 195, NULL, 94, 309, 0, 'Wheel Alignment', 'Cancelled', 6312, '1985-06-04 06:59:42', '2007-04-24 19:17:24'),
(195, 196, NULL, 95, 890, 0, 'Painting', 'Pending', 6741, '1998-10-30 14:15:34', '2012-02-13 01:41:46'),
(196, 197, NULL, 96, 913, 0, 'N/A', 'Ongoing', 11740, '1983-11-09 23:27:20', '1982-04-07 22:27:13'),
(197, 198, NULL, 97, 678, 0, 'N/A', 'Rendered', 14270, '1991-10-01 00:49:02', '2000-11-05 14:16:00'),
(198, 199, NULL, 98, 42, 0, 'Painting', 'Rendered', 20265, '1982-03-26 11:55:16', '1979-02-12 23:32:18'),
(199, 200, NULL, 99, 888, 0, 'Painting', 'Ongoing', 11465, '1974-07-11 11:01:03', '1970-08-05 11:02:46'),
(200, 201, NULL, 100, 101, 0, 'Lifting', 'Cancelled', 4246, '2013-02-07 03:59:12', '1979-01-12 20:17:31'),
(226, 227, NULL, 26, 428, 0, 'Repair and Maintenance', 'Cancelled', 5542, '1995-09-18 23:32:27', '1991-04-08 15:19:40'),
(227, 228, NULL, 27, 771, 0, 'Painting', 'Rendered', 19698, '2018-05-23 03:27:46', '1985-10-02 09:49:04'),
(228, 229, NULL, 28, 905, 0, 'Repair and Maintenance', 'Pending', 10345, '2012-01-01 11:24:11', '2006-05-08 23:09:13'),
(229, 230, NULL, 29, 624, 0, 'Lifting', 'Rendered', 8682, '1999-08-06 22:44:03', '2012-07-11 14:31:15'),
(230, 231, NULL, 30, 640, 0, 'Wheel Alignment', 'Ongoing', 16019, '1994-08-04 10:40:46', '1970-03-02 06:34:16'),
(231, 232, NULL, 31, 183, 0, 'Repair and Maintenance', 'Cancelled', 2585, '1971-06-08 22:32:27', '2010-01-24 00:36:55'),
(232, 233, NULL, 32, 787, 0, 'Wheel Alignment', 'Pending', 22598, '1991-08-06 13:00:09', '2009-12-09 18:23:59'),
(233, 234, NULL, 33, 818, 0, 'N/A', 'Ongoing', 21684, '1989-12-12 23:37:57', '2016-11-12 23:49:23'),
(234, 235, NULL, 34, 953, 0, 'N/A', 'Ongoing', 20651, '1991-05-28 09:14:35', '2012-04-10 23:21:11'),
(235, 236, NULL, 35, 703, 0, 'Lifting', 'Rendered', 5112, '2018-08-10 21:17:31', '2006-02-27 14:42:51'),
(236, 237, NULL, 36, 899, 0, 'Wheel Alignment', 'Ongoing', 10154, '2000-08-21 05:14:19', '1983-03-04 23:15:47'),
(237, 238, NULL, 37, 288, 0, 'Wheel Alignment', 'Ongoing', 6274, '1973-10-01 13:08:07', '1990-07-16 23:40:38'),
(238, 239, NULL, 38, 259, 0, 'Wheel Alignment', 'Cancelled', 11499, '1978-10-22 11:44:58', '1985-05-01 03:57:41'),
(239, 240, NULL, 39, 648, 0, 'N/A', 'Pending', 20487, '1983-02-09 17:24:48', '2003-08-13 20:41:20'),
(240, 241, NULL, 40, 918, 0, 'Wheel Alignment', 'Rendered', 24832, '2018-08-31 21:14:41', '1974-06-05 04:25:30'),
(241, 242, NULL, 41, 953, 0, 'Painting', 'Pending', 2472, '1985-03-07 06:30:42', '1991-05-30 21:31:34'),
(242, 243, NULL, 42, 576, 0, 'N/A', 'Ongoing', 18329, '1981-02-20 02:15:35', '1989-12-26 17:24:24'),
(243, 244, NULL, 43, 756, 0, 'Wheel Alignment', 'Pending', 20173, '1978-02-07 03:10:34', '1998-04-13 06:54:04'),
(244, 245, NULL, 44, 265, 0, 'Painting', 'Ongoing', 22804, '1977-01-19 18:10:07', '2003-08-19 13:27:37'),
(245, 246, NULL, 45, 362, 0, 'N/A', 'Pending', 23495, '1974-09-26 08:13:19', '1985-08-11 02:27:54'),
(246, 247, NULL, 46, 349, 0, 'Repair and Maintenance', 'Rendered', 7749, '2002-05-21 21:29:08', '1980-02-11 22:21:28'),
(247, 248, NULL, 47, 815, 0, 'Wheel Alignment', 'Pending', 14816, '2013-11-23 04:22:12', '1995-11-19 19:32:06'),
(248, 249, NULL, 48, 179, 0, 'Painting', 'Rendered', 15198, '1984-11-10 02:47:27', '1979-12-10 13:02:45'),
(249, 250, NULL, 49, 86, 0, 'Repair and Maintenance', 'Rendered', 15913, '2014-01-13 07:16:13', '1971-01-21 16:10:01'),
(250, 251, NULL, 50, 415, 0, 'Wheel Alignment', 'Pending', 6332, '2018-01-20 16:55:24', '1973-09-01 00:34:32'),
(251, 252, NULL, 51, 169, 0, 'N/A', 'Cancelled', 5188, '1970-12-04 22:23:52', '2007-11-02 20:06:56'),
(252, 253, NULL, 52, 370, 0, 'Painting', 'Rendered', 2203, '1985-09-30 08:30:26', '2003-12-19 11:24:39'),
(253, 254, NULL, 53, 40, 0, 'N/A', 'Ongoing', 19559, '1984-05-17 00:38:27', '2004-04-05 15:11:12'),
(254, 255, NULL, 54, 812, 0, 'Wheel Alignment', 'Ongoing', 7347, '2018-09-16 08:17:00', '2007-11-14 20:09:12'),
(255, 256, NULL, 55, 426, 0, 'Repair and Maintenance', 'Rendered', 1357, '2019-07-18 08:58:09', '1981-11-13 20:14:54'),
(256, 257, NULL, 56, 972, 0, 'Wheel Alignment', 'Pending', 14069, '1980-07-16 21:22:20', '1987-12-03 06:19:01'),
(257, 258, NULL, 57, 721, 0, 'N/A', 'Cancelled', 11826, '2017-03-28 01:43:46', '2002-09-05 10:58:20'),
(258, 259, NULL, 58, 537, 0, 'Painting', 'Cancelled', 20569, '1972-10-28 08:15:49', '1989-01-30 20:14:51'),
(259, 260, NULL, 59, 479, 0, 'Wheel Alignment', 'Ongoing', 6797, '1997-05-04 14:37:45', '1977-04-28 02:02:39'),
(260, 261, NULL, 60, 134, 0, 'Wheel Alignment', 'Rendered', 308, '2012-06-03 09:51:32', '1998-05-06 21:08:31'),
(261, 262, NULL, 61, 376, 0, 'N/A', 'Pending', 1674, '2017-09-22 14:16:25', '1982-12-15 07:36:59'),
(262, 263, NULL, 62, 59, 0, 'Painting', 'Ongoing', 7638, '1986-02-22 20:33:53', '1987-06-07 21:46:10'),
(263, 264, NULL, 63, 698, 0, 'N/A', 'Rendered', 13078, '1988-08-27 13:25:29', '1984-03-11 01:02:43'),
(264, 265, NULL, 64, 541, 0, 'Repair and Maintenance', 'Pending', 8152, '2004-12-02 12:00:35', '1982-11-26 14:54:54'),
(265, 266, NULL, 65, 239, 0, 'Wheel Alignment', 'Rendered', 931, '1985-01-26 16:31:04', '1993-10-17 13:08:39'),
(266, 267, NULL, 66, 765, 0, 'Wheel Alignment', 'Cancelled', 24391, '1989-03-01 23:25:23', '2005-11-10 04:34:58'),
(267, 268, NULL, 67, 302, 0, 'Lifting', 'Rendered', 3026, '1972-12-15 13:13:27', '2014-12-12 11:54:07'),
(268, 269, NULL, 68, 199, 0, 'Painting', 'Cancelled', 3818, '1992-10-31 11:54:46', '1996-04-09 19:04:10'),
(269, 270, NULL, 69, 427, 0, 'N/A', 'Pending', 21020, '1972-03-13 11:19:55', '1992-08-09 17:43:57'),
(270, 271, NULL, 70, 227, 0, 'N/A', 'Cancelled', 11124, '1982-04-26 21:47:46', '2010-11-24 17:30:45'),
(271, 272, NULL, 71, 982, 0, 'Wheel Alignment', 'Rendered', 11758, '1970-08-12 02:44:12', '1988-12-04 13:06:58'),
(272, 273, NULL, 72, 222, 0, 'Painting', 'Cancelled', 18115, '2017-03-02 10:58:38', '2000-01-21 09:41:02'),
(273, 274, NULL, 73, 442, 0, 'Lifting', 'Pending', 311, '2017-10-04 03:44:54', '1995-08-01 15:56:06'),
(274, 275, NULL, 74, 750, 0, 'Lifting', 'Ongoing', 8789, '2002-08-28 07:57:03', '1987-02-22 04:33:26'),
(275, 276, NULL, 75, 469, 0, 'N/A', 'Pending', 19806, '1997-11-08 12:27:59', '1974-03-13 06:39:42'),
(276, 277, NULL, 76, 770, 0, 'Repair and Maintenance', 'Rendered', 9743, '1971-11-30 23:32:40', '2004-09-13 18:30:37'),
(277, 278, NULL, 77, 988, 0, 'Wheel Alignment', 'Pending', 14744, '1986-08-21 21:34:53', '2017-12-29 23:43:22'),
(278, 279, NULL, 78, 836, 0, 'Lifting', 'Ongoing', 730, '2005-07-17 11:59:37', '1999-10-17 10:19:18'),
(279, 280, NULL, 79, 415, 0, 'N/A', 'Rendered', 519, '1975-08-11 16:25:51', '1994-10-17 23:14:32'),
(280, 281, NULL, 80, 689, 0, 'Lifting', 'Pending', 14751, '1983-11-27 10:11:32', '2005-02-12 14:59:52'),
(281, 282, NULL, 81, 673, 0, 'Lifting', 'Rendered', 14909, '1973-10-27 02:40:02', '1987-05-05 19:46:51'),
(282, 283, NULL, 82, 464, 0, 'Painting', 'Cancelled', 6410, '1983-11-04 16:42:27', '1981-04-26 23:21:49'),
(283, 284, NULL, 83, 890, 0, 'Wheel Alignment', 'Ongoing', 18758, '1989-05-04 11:48:43', '2002-03-06 21:21:32'),
(284, 285, NULL, 84, 568, 0, 'Wheel Alignment', 'Cancelled', 11517, '2005-01-04 13:45:30', '1987-03-12 20:15:47'),
(285, 286, NULL, 85, 868, 0, 'N/A', 'Cancelled', 8277, '1980-07-30 00:03:59', '2012-02-17 11:39:29'),
(286, 287, NULL, 86, 693, 0, 'Lifting', 'Rendered', 11961, '2011-08-02 18:56:52', '1973-05-14 14:16:56'),
(287, 288, NULL, 87, 661, 0, 'Painting', 'Cancelled', 21094, '1983-02-14 14:49:43', '2002-09-26 16:31:33'),
(288, 289, NULL, 88, 36, 0, 'Repair and Maintenance', 'Cancelled', 10099, '2003-07-03 21:43:33', '1975-07-06 08:27:36'),
(289, 290, NULL, 89, 616, 0, 'Wheel Alignment', 'Rendered', 16874, '1999-12-08 09:59:55', '1977-06-27 01:50:27'),
(290, 291, NULL, 90, 637, 0, 'Lifting', 'Rendered', 22016, '2013-06-29 12:40:08', '1996-11-29 15:29:15'),
(291, 292, NULL, 91, 999, 0, 'Painting', 'Rendered', 6890, '1981-06-26 21:40:09', '1971-10-25 21:15:06'),
(292, 293, NULL, 92, 786, 0, 'Wheel Alignment', 'Ongoing', 3148, '1974-03-20 17:17:21', '1972-03-26 08:36:37'),
(293, 294, NULL, 93, 479, 0, 'Repair and Maintenance', 'Pending', 22154, '1987-07-01 02:56:39', '2014-03-21 11:07:40'),
(294, 295, NULL, 94, 390, 0, 'Painting', 'Rendered', 12330, '2005-04-22 21:58:44', '1983-08-14 12:50:33'),
(295, 296, NULL, 95, 511, 0, 'Wheel Alignment', 'Cancelled', 1401, '1991-09-01 20:56:04', '1994-03-01 08:43:52'),
(296, 297, NULL, 96, 991, 0, 'Painting', 'Pending', 13653, '2016-07-21 02:02:33', '1984-07-22 06:05:08'),
(297, 298, NULL, 97, 863, 0, 'N/A', 'Cancelled', 5929, '1988-08-01 07:59:29', '1991-09-24 04:02:31'),
(298, 299, NULL, 98, 50, 0, 'Repair and Maintenance', 'Cancelled', 4662, '2017-11-14 22:31:38', '1978-10-12 22:24:13'),
(299, 300, NULL, 99, 619, 0, 'Painting', 'Ongoing', 16015, '1997-04-17 12:04:37', '2004-06-08 13:35:32'),
(300, 301, NULL, 100, 788, 0, 'N/A', 'Cancelled', 12651, '2003-03-06 04:25:44', '2014-09-06 18:31:32'),
(326, 327, NULL, 26, 315, 0, 'Repair and Maintenance', 'Pending', 23820, '1992-03-29 08:38:22', '1997-11-27 19:13:11'),
(327, 328, NULL, 27, 576, 0, 'N/A', 'Rendered', 3790, '2002-07-07 21:27:18', '1978-12-15 09:35:18'),
(328, 329, NULL, 28, 150, 0, 'Lifting', 'Cancelled', 10811, '1992-07-05 09:53:25', '1986-09-11 21:29:50'),
(329, 330, NULL, 29, 436, 0, 'N/A', 'Rendered', 6898, '1989-08-02 08:50:24', '1991-08-26 02:45:54'),
(330, 331, NULL, 30, 350, 0, 'Painting', 'Pending', 16730, '1987-07-16 12:33:23', '1971-11-01 18:37:45'),
(331, 332, NULL, 31, 827, 0, 'Painting', 'Pending', 21793, '2018-12-29 06:51:12', '1991-06-19 12:52:46'),
(332, 333, NULL, 32, 372, 0, 'N/A', 'Pending', 2228, '2004-09-04 01:40:35', '2014-03-02 16:41:51'),
(333, 334, NULL, 33, 860, 0, 'N/A', 'Pending', 16927, '1975-07-19 07:43:50', '1978-05-16 04:27:03'),
(334, 335, NULL, 34, 796, 0, 'N/A', 'Pending', 2894, '1977-07-17 16:34:35', '1979-10-04 11:57:10'),
(335, 336, NULL, 35, 59, 0, 'Painting', 'Pending', 13017, '2017-03-23 20:05:47', '1986-10-08 04:56:39'),
(336, 337, NULL, 36, 789, 0, 'Painting', 'Rendered', 21879, '1992-03-12 05:30:45', '2014-03-01 13:55:28'),
(337, 338, NULL, 37, 303, 0, 'N/A', 'Cancelled', 3347, '1977-12-03 15:58:38', '1994-02-15 14:07:14'),
(338, 339, NULL, 38, 572, 0, 'Painting', 'Ongoing', 9444, '1977-08-03 09:22:52', '2014-03-25 19:17:58'),
(339, 340, NULL, 39, 117, 0, 'N/A', 'Cancelled', 7343, '1975-01-28 17:40:02', '1991-03-22 17:05:42'),
(340, 341, NULL, 40, 578, 0, 'Repair and Maintenance', 'Pending', 19883, '2008-11-27 14:21:07', '1993-09-07 12:16:57'),
(341, 342, NULL, 41, 153, 0, 'Lifting', 'Cancelled', 6080, '2003-03-11 00:54:33', '2001-12-08 02:38:01'),
(342, 343, NULL, 42, 810, 0, 'Lifting', 'Cancelled', 4563, '2016-12-19 16:25:24', '2019-09-06 10:29:48'),
(343, 344, NULL, 43, 785, 0, 'Lifting', 'Rendered', 8237, '2007-10-17 02:07:13', '1994-11-09 11:16:56'),
(344, 345, NULL, 44, 998, 0, 'Repair and Maintenance', 'Ongoing', 15082, '2018-11-06 22:16:45', '1990-02-16 23:49:36'),
(345, 346, NULL, 45, 18, 0, 'Wheel Alignment', 'Pending', 3283, '2009-04-14 04:45:33', '2004-07-20 11:37:58'),
(346, 347, NULL, 46, 87, 0, 'Repair and Maintenance', 'Pending', 2308, '1993-04-30 18:30:24', '1993-09-08 22:52:36'),
(347, 348, NULL, 47, 280, 0, 'Wheel Alignment', 'Rendered', 16593, '1989-05-31 21:40:04', '2015-11-27 20:40:57'),
(348, 349, NULL, 48, 801, 0, 'N/A', 'Cancelled', 15644, '1976-10-29 18:20:48', '1997-10-04 18:36:17'),
(349, 350, NULL, 49, 76, 0, 'Lifting', 'Rendered', 15731, '1988-07-11 13:20:21', '1973-12-25 22:10:28'),
(350, 351, NULL, 50, 535, 0, 'Lifting', 'Rendered', 24003, '2006-05-10 01:55:47', '2000-08-14 07:10:16'),
(351, 352, NULL, 51, 718, 0, 'Wheel Alignment', 'Rendered', 21801, '2001-04-09 16:06:14', '1996-04-11 10:21:03'),
(352, 353, NULL, 52, 148, 0, 'Painting', 'Ongoing', 19145, '1980-12-10 02:00:26', '1997-10-27 16:38:45'),
(353, 354, NULL, 53, 668, 0, 'N/A', 'Rendered', 5927, '2001-01-25 16:45:44', '1987-07-09 12:29:37'),
(354, 355, NULL, 54, 479, 0, 'Painting', 'Pending', 12180, '1975-04-25 21:41:42', '2016-07-26 14:08:57'),
(355, 356, NULL, 55, 663, 0, 'Lifting', 'Ongoing', 11229, '2006-07-15 20:29:19', '2003-02-18 04:32:47'),
(356, 357, NULL, 56, 88, 0, 'Painting', 'Pending', 17698, '2011-10-19 13:41:05', '1980-08-11 03:24:14'),
(357, 358, NULL, 57, 986, 0, 'N/A', 'Ongoing', 19737, '2003-07-06 10:11:50', '1988-02-18 07:39:10'),
(358, 359, NULL, 58, 334, 0, 'Painting', 'Ongoing', 16227, '1981-12-08 21:21:11', '2017-06-27 12:33:18'),
(359, 360, NULL, 59, 670, 0, 'Wheel Alignment', 'Rendered', 14348, '2000-06-27 12:28:36', '1992-06-26 04:41:41'),
(360, 361, NULL, 60, 367, 0, 'N/A', 'Cancelled', 21315, '1997-02-13 10:55:18', '1986-04-05 04:56:58'),
(361, 362, NULL, 61, 592, 0, 'Lifting', 'Rendered', 24736, '1990-11-25 00:50:59', '2003-07-19 23:15:49'),
(362, 363, NULL, 62, 227, 0, 'Lifting', 'Pending', 16460, '1986-04-16 22:19:54', '2006-09-11 05:43:48'),
(363, 364, NULL, 63, 208, 0, 'N/A', 'Pending', 23748, '1996-03-07 11:33:17', '2007-06-15 08:35:38'),
(364, 365, NULL, 64, 384, 0, 'Repair and Maintenance', 'Pending', 2171, '2000-05-06 01:54:06', '1978-03-07 18:14:40'),
(365, 366, NULL, 65, 760, 0, 'Lifting', 'Rendered', 2676, '1993-12-25 23:39:48', '2011-11-25 03:44:26'),
(366, 367, NULL, 66, 199, 0, 'Painting', 'Rendered', 18633, '2013-02-07 19:34:49', '2013-05-14 15:41:18'),
(367, 368, NULL, 67, 952, 0, 'Repair and Maintenance', 'Pending', 21748, '1983-06-17 07:52:09', '1978-07-03 03:30:19'),
(368, 369, NULL, 68, 292, 0, 'Lifting', 'Rendered', 7898, '1981-01-24 06:56:36', '2010-03-12 03:59:56'),
(369, 370, NULL, 69, 584, 0, 'Wheel Alignment', 'Cancelled', 16414, '2004-03-24 08:51:38', '1987-09-29 20:37:34'),
(370, 371, NULL, 70, 762, 0, 'Lifting', 'Cancelled', 8290, '2002-12-10 22:43:18', '1978-08-10 14:38:21'),
(371, 372, NULL, 71, 902, 0, 'Painting', 'Ongoing', 10099, '1993-02-13 11:20:34', '1992-12-05 18:49:49'),
(372, 373, NULL, 72, 903, 0, 'Wheel Alignment', 'Cancelled', 16237, '1997-12-23 13:42:50', '1983-06-26 04:01:19'),
(373, 374, NULL, 73, 783, 0, 'N/A', 'Cancelled', 13641, '1973-05-24 11:30:58', '1996-01-25 05:14:26'),
(374, 375, NULL, 74, 780, 0, 'Wheel Alignment', 'Pending', 13648, '1992-11-29 08:44:37', '2018-11-29 22:52:33'),
(375, 376, NULL, 75, 384, 0, 'Painting', 'Pending', 18395, '2008-01-08 06:16:14', '2010-05-21 05:39:15'),
(376, 377, NULL, 76, 583, 0, 'Painting', 'Rendered', 17142, '2001-09-04 22:49:51', '1999-03-28 00:22:14'),
(377, 378, NULL, 77, 690, 0, 'Repair and Maintenance', 'Rendered', 22460, '2004-01-21 15:48:34', '1979-11-16 05:50:55'),
(378, 379, NULL, 78, 966, 0, 'Painting', 'Ongoing', 11924, '2016-03-11 13:57:08', '1988-11-06 12:16:11'),
(379, 380, NULL, 79, 24, 0, 'Painting', 'Cancelled', 18321, '2013-08-01 02:16:08', '1981-03-28 08:11:47'),
(380, 381, NULL, 80, 345, 0, 'Lifting', 'Rendered', 8117, '1971-05-02 12:41:27', '2013-05-26 03:22:28'),
(381, 382, NULL, 81, 714, 0, 'Lifting', 'Pending', 1835, '2010-05-24 02:25:43', '2008-03-06 06:20:54'),
(382, 383, NULL, 82, 728, 0, 'Lifting', 'Pending', 5216, '1972-01-19 14:19:37', '2010-10-19 01:03:55'),
(383, 384, NULL, 83, 753, 0, 'Lifting', 'Cancelled', 9850, '2011-12-09 07:56:27', '1999-08-07 17:36:34'),
(384, 385, NULL, 84, 404, 0, 'Repair and Maintenance', 'Pending', 544, '1993-02-23 08:30:32', '1988-10-14 09:50:15'),
(385, 386, NULL, 85, 204, 0, 'Painting', 'Pending', 4937, '1979-01-29 09:56:14', '2003-11-22 14:00:35'),
(386, 387, NULL, 86, 993, 0, 'N/A', 'Rendered', 12506, '2004-06-02 21:20:40', '1985-03-26 15:39:26'),
(387, 388, NULL, 87, 135, 0, 'N/A', 'Cancelled', 19813, '1992-05-30 21:00:50', '1973-04-29 10:22:38'),
(388, 389, NULL, 88, 88, 0, 'Repair and Maintenance', 'Pending', 7131, '2002-06-28 14:54:14', '1986-12-31 11:43:10'),
(389, 390, NULL, 89, 748, 0, 'Repair and Maintenance', 'Pending', 18050, '2001-04-18 19:26:12', '2012-08-19 00:31:16'),
(390, 391, NULL, 90, 216, 0, 'Repair and Maintenance', 'Rendered', 21351, '1986-02-24 15:32:51', '1994-11-15 02:05:30'),
(391, 392, NULL, 91, 9, 0, 'Repair and Maintenance', 'Pending', 9000, '1974-09-08 15:32:24', '2012-06-08 23:03:10'),
(392, 393, NULL, 92, 144, 0, 'Lifting', 'Rendered', 6537, '1994-03-08 21:35:46', '1987-05-24 21:11:33'),
(393, 394, NULL, 93, 621, 0, 'Repair and Maintenance', 'Rendered', 24704, '1995-04-12 17:58:21', '1984-11-13 18:01:14'),
(394, 395, NULL, 94, 108, 0, 'Repair and Maintenance', 'Cancelled', 11942, '1973-04-09 16:38:27', '2014-01-09 08:02:26'),
(395, 396, NULL, 95, 97, 0, 'Repair and Maintenance', 'Cancelled', 12360, '1980-01-06 05:53:04', '2015-08-28 05:51:53'),
(396, 397, NULL, 96, 974, 0, 'Painting', 'Ongoing', 11641, '2003-03-13 04:47:56', '1987-11-22 06:36:41'),
(397, 398, NULL, 97, 636, 0, 'Wheel Alignment', 'Rendered', 434, '1989-01-08 15:32:56', '1982-11-12 18:25:25'),
(398, 399, NULL, 98, 275, 0, 'Painting', 'Rendered', 8089, '1994-08-09 08:24:04', '1986-02-23 19:48:04'),
(399, 400, NULL, 99, 926, 0, 'Wheel Alignment', 'Pending', 18447, '1985-11-23 08:57:21', '2001-07-10 23:01:46'),
(400, 401, NULL, 100, 800, 0, 'Painting', 'Rendered', 22761, '1981-12-08 22:22:15', '2004-03-17 15:32:23'),
(426, 427, NULL, 26, 431, 0, 'Lifting', 'Ongoing', 17553, '1981-11-20 12:49:37', '1970-06-16 04:16:14'),
(427, 428, NULL, 27, 281, 0, 'Lifting', 'Ongoing', 6823, '1973-01-06 06:59:52', '1989-04-14 16:11:05'),
(428, 429, NULL, 28, 912, 0, 'Wheel Alignment', 'Cancelled', 11362, '1999-01-31 04:44:15', '2010-07-22 21:23:02'),
(429, 430, NULL, 29, 671, 0, 'N/A', 'Pending', 21881, '1978-01-06 07:57:58', '2014-05-30 00:33:59'),
(430, 431, NULL, 30, 73, 0, 'Wheel Alignment', 'Pending', 10391, '1974-09-07 16:54:09', '2005-01-11 10:02:03'),
(431, 432, NULL, 31, 963, 0, 'Wheel Alignment', 'Pending', 17025, '2007-07-31 22:18:19', '1989-05-30 11:33:54'),
(432, 433, NULL, 32, 581, 0, 'Lifting', 'Rendered', 18210, '1985-02-26 10:49:35', '2004-11-15 00:34:26'),
(433, 434, NULL, 33, 472, 0, 'N/A', 'Rendered', 20986, '2015-06-26 21:50:32', '1988-02-18 15:39:07'),
(434, 435, NULL, 34, 659, 0, 'Painting', 'Pending', 16280, '1980-07-26 17:15:33', '1988-12-01 15:43:44'),
(435, 436, NULL, 35, 910, 0, 'Repair and Maintenance', 'Cancelled', 9732, '2000-03-28 14:17:47', '1980-04-24 03:58:52'),
(436, 437, NULL, 36, 13, 0, 'N/A', 'Rendered', 4102, '1981-05-20 19:23:20', '2011-07-03 19:23:57'),
(437, 438, NULL, 37, 131, 0, 'Painting', 'Pending', 10620, '1998-09-26 15:57:28', '1999-03-16 01:02:55'),
(438, 439, NULL, 38, 97, 0, 'Wheel Alignment', 'Cancelled', 16245, '1991-02-26 14:43:57', '2000-08-08 02:04:53'),
(439, 440, NULL, 39, 870, 0, 'Painting', 'Rendered', 23623, '1975-08-24 07:08:56', '2000-11-01 15:34:55'),
(440, 441, NULL, 40, 557, 0, 'Repair and Maintenance', 'Ongoing', 23606, '2003-10-09 21:42:03', '1981-01-27 10:34:04'),
(441, 442, NULL, 41, 992, 0, 'Lifting', 'Pending', 13157, '1998-03-25 14:04:20', '1993-08-03 14:15:19'),
(442, 443, NULL, 42, 817, 0, 'Lifting', 'Rendered', 2206, '1970-03-06 19:50:16', '1974-07-01 11:27:55'),
(443, 444, NULL, 43, 608, 0, 'N/A', 'Rendered', 1231, '1999-06-04 08:59:10', '1990-07-05 00:59:54'),
(444, 445, NULL, 44, 544, 0, 'N/A', 'Rendered', 1167, '1973-02-28 22:20:13', '1977-05-09 01:23:26'),
(445, 446, NULL, 45, 791, 0, 'Wheel Alignment', 'Rendered', 15789, '1993-04-26 13:46:03', '2003-06-27 18:44:19'),
(446, 447, NULL, 46, 124, 0, 'N/A', 'Cancelled', 9060, '1989-07-07 00:45:51', '1997-12-12 00:04:23'),
(447, 448, NULL, 47, 346, 0, 'Painting', 'Ongoing', 4114, '1991-09-27 17:30:43', '2009-07-16 19:12:22'),
(448, 449, NULL, 48, 305, 0, 'Repair and Maintenance', 'Cancelled', 10148, '1994-05-12 08:41:31', '2004-03-12 09:57:12'),
(449, 450, NULL, 49, 978, 0, 'Lifting', 'Pending', 14139, '1989-02-16 12:22:10', '1996-02-22 20:38:05'),
(450, 451, NULL, 50, 577, 0, 'Wheel Alignment', 'Ongoing', 18377, '1982-11-13 14:37:17', '2012-06-26 11:22:56'),
(451, 452, NULL, 51, 276, 0, 'Painting', 'Ongoing', 13421, '1992-07-05 16:02:10', '2008-09-10 16:06:30'),
(452, 453, NULL, 52, 593, 0, 'N/A', 'Ongoing', 13501, '1992-11-25 02:07:55', '1998-11-10 02:41:24'),
(453, 454, NULL, 53, 298, 0, 'N/A', 'Rendered', 9079, '1996-12-30 04:49:47', '1998-03-23 22:06:51'),
(454, 455, NULL, 54, 495, 0, 'Lifting', 'Ongoing', 8737, '2006-05-17 04:39:33', '2016-01-01 22:45:45'),
(455, 456, NULL, 55, 908, 0, 'N/A', 'Pending', 3466, '1991-06-12 23:22:30', '2003-01-26 03:36:38'),
(456, 457, NULL, 56, 532, 0, 'N/A', 'Pending', 2370, '2006-11-11 01:48:45', '2001-04-27 13:58:05'),
(457, 458, NULL, 57, 883, 0, 'Wheel Alignment', 'Ongoing', 17963, '1986-08-04 21:59:28', '1991-07-04 07:59:29'),
(458, 459, NULL, 58, 227, 0, 'Painting', 'Rendered', 3576, '1979-03-04 03:30:09', '1976-11-26 18:41:09'),
(459, 460, NULL, 59, 226, 0, 'Painting', 'Rendered', 12049, '2007-05-06 12:23:43', '2009-03-16 10:38:14'),
(460, 461, NULL, 60, 566, 0, 'Wheel Alignment', 'Cancelled', 7469, '2014-04-08 01:36:48', '2012-11-27 00:48:02'),
(461, 462, NULL, 61, 311, 0, 'N/A', 'Ongoing', 21043, '2002-01-11 16:03:29', '2004-10-13 23:25:02'),
(462, 463, NULL, 62, 760, 0, 'Painting', 'Ongoing', 7699, '2016-07-21 17:38:18', '1999-03-22 20:08:02'),
(463, 464, NULL, 63, 770, 0, 'N/A', 'Pending', 5363, '1992-07-13 02:07:45', '2019-01-18 18:39:31'),
(464, 465, NULL, 64, 723, 0, 'N/A', 'Ongoing', 18071, '2008-07-22 15:25:06', '1983-02-15 11:51:39'),
(465, 466, NULL, 65, 13, 0, 'N/A', 'Pending', 13703, '1982-12-31 10:46:54', '1978-08-31 18:58:29'),
(466, 467, NULL, 66, 647, 0, 'Painting', 'Cancelled', 3878, '1970-03-22 03:41:55', '1986-02-14 02:45:43'),
(467, 468, NULL, 67, 491, 0, 'N/A', 'Rendered', 9597, '1976-11-30 18:03:38', '2005-10-26 18:45:56'),
(468, 469, NULL, 68, 538, 0, 'Repair and Maintenance', 'Pending', 20191, '1989-07-05 01:57:41', '2019-01-08 15:35:09'),
(469, 470, NULL, 69, 347, 0, 'Lifting', 'Rendered', 12804, '1998-03-11 21:34:34', '1986-11-11 06:26:49'),
(470, 471, NULL, 70, 793, 0, 'Wheel Alignment', 'Cancelled', 6909, '1973-11-03 06:36:01', '2012-02-16 10:24:15'),
(471, 472, NULL, 71, 929, 0, 'Lifting', 'Ongoing', 13172, '2003-08-23 08:51:44', '1974-03-03 22:19:47'),
(472, 473, NULL, 72, 607, 0, 'Repair and Maintenance', 'Pending', 17759, '1981-01-13 06:37:28', '1972-10-28 02:02:44'),
(473, 474, NULL, 73, 978, 0, 'N/A', 'Cancelled', 4772, '1973-09-08 19:25:01', '2003-10-23 12:38:28'),
(474, 475, NULL, 74, 440, 0, 'Lifting', 'Pending', 24467, '2013-12-20 23:02:44', '2005-01-16 10:30:22'),
(475, 476, NULL, 75, 746, 0, 'N/A', 'Ongoing', 1269, '1988-01-12 20:58:14', '1986-03-06 07:38:15'),
(476, 477, NULL, 76, 881, 0, 'N/A', 'Rendered', 11184, '1999-10-10 08:47:03', '1972-09-11 16:27:17'),
(477, 478, NULL, 77, 406, 0, 'Wheel Alignment', 'Ongoing', 17304, '1979-02-13 10:31:41', '1977-12-20 14:55:53'),
(478, 479, NULL, 78, 121, 0, 'Repair and Maintenance', 'Pending', 1820, '2008-11-28 22:10:57', '1974-04-18 12:20:05'),
(479, 480, NULL, 79, 882, 0, 'N/A', 'Pending', 4297, '2012-03-25 09:13:40', '2003-04-03 03:42:52'),
(480, 481, NULL, 80, 408, 0, 'N/A', 'Cancelled', 12306, '1998-04-27 03:50:16', '1993-10-09 18:58:54'),
(481, 482, NULL, 81, 686, 0, 'Wheel Alignment', 'Ongoing', 17466, '1990-09-15 07:27:25', '1994-07-04 05:49:17'),
(482, 483, NULL, 82, 82, 0, 'Repair and Maintenance', 'Ongoing', 3048, '2005-08-25 09:02:15', '1981-08-12 03:56:18'),
(483, 484, NULL, 83, 911, 0, 'Repair and Maintenance', 'Cancelled', 17620, '1970-06-07 00:42:02', '1981-12-29 11:02:20'),
(484, 485, NULL, 84, 106, 0, 'Painting', 'Ongoing', 23264, '1990-01-31 10:22:18', '1995-11-25 00:49:54'),
(485, 486, NULL, 85, 872, 0, 'Lifting', 'Cancelled', 5895, '1992-11-05 01:14:34', '1987-04-29 02:35:38'),
(486, 487, NULL, 86, 590, 0, 'Painting', 'Ongoing', 750, '1974-04-02 03:42:14', '1994-01-25 22:52:27'),
(487, 488, NULL, 87, 466, 0, 'Painting', 'Rendered', 19513, '1980-06-19 23:56:54', '1973-10-22 21:07:08'),
(488, 489, NULL, 88, 963, 0, 'N/A', 'Cancelled', 21128, '2009-01-09 15:04:03', '2001-04-08 14:21:33'),
(489, 490, NULL, 89, 903, 0, 'Lifting', 'Cancelled', 10938, '1990-04-14 09:11:33', '1989-11-15 16:45:45'),
(490, 491, NULL, 90, 214, 0, 'Lifting', 'Pending', 14199, '1973-12-27 16:59:29', '1972-11-04 00:59:36'),
(491, 492, NULL, 91, 829, 0, 'Repair and Maintenance', 'Ongoing', 7478, '1998-01-02 02:22:05', '2016-08-26 09:17:04'),
(492, 493, NULL, 92, 634, 0, 'N/A', 'Cancelled', 12757, '1990-04-16 04:11:06', '2009-01-03 20:27:09'),
(493, 494, NULL, 93, 74, 0, 'Wheel Alignment', 'Cancelled', 17192, '2009-12-27 18:38:24', '1973-06-09 01:53:33'),
(494, 495, NULL, 94, 819, 0, 'N/A', 'Ongoing', 14094, '2011-02-06 03:48:33', '1976-10-07 04:50:19'),
(495, 496, NULL, 95, 582, 0, 'Wheel Alignment', 'Cancelled', 7572, '1973-01-13 06:26:12', '1985-03-20 19:29:31'),
(496, 497, NULL, 96, 148, 0, 'N/A', 'Ongoing', 5616, '1987-10-19 02:49:04', '1984-07-11 14:55:07'),
(497, 498, NULL, 97, 632, 0, 'N/A', 'Ongoing', 20303, '1980-12-28 00:11:04', '1995-07-17 17:01:17'),
(498, 499, NULL, 98, 96, 0, 'Repair and Maintenance', 'Pending', 15724, '1983-08-22 03:58:56', '2000-03-16 00:54:21'),
(499, 500, NULL, 99, 826, 0, 'N/A', 'Rendered', 14024, '2012-11-30 17:44:49', '2016-08-19 10:33:24'),
(500, 501, NULL, 100, 563, 0, 'Repair and Maintenance', 'Ongoing', 16773, '2008-03-21 12:48:36', '1991-06-13 11:57:55');

-- --------------------------------------------------------

--
-- Table structure for table `users`
--

CREATE TABLE `users` (
  `id` int(10) UNSIGNED NOT NULL,
  `username` varchar(191) COLLATE utf8mb4_unicode_ci NOT NULL,
  `name` varchar(191) COLLATE utf8mb4_unicode_ci NOT NULL,
  `admin` tinyint(1) NOT NULL DEFAULT '0',
  `email` varchar(191) COLLATE utf8mb4_unicode_ci NOT NULL,
  `email_verified_at` timestamp NULL DEFAULT NULL,
  `password` varchar(191) COLLATE utf8mb4_unicode_ci NOT NULL,
  `remember_token` varchar(100) COLLATE utf8mb4_unicode_ci DEFAULT NULL,
  `created_at` timestamp NULL DEFAULT NULL,
  `updated_at` timestamp NULL DEFAULT NULL,
  `role` enum('Administrator','Secretary') COLLATE utf8mb4_unicode_ci NOT NULL DEFAULT 'Secretary',
  `is_admin` tinyint(1) DEFAULT NULL
) ENGINE=InnoDB DEFAULT CHARSET=utf8mb4 COLLATE=utf8mb4_unicode_ci;

--
-- Dumping data for table `users`
--

INSERT INTO `users` (`id`, `username`, `name`, `admin`, `email`, `email_verified_at`, `password`, `remember_token`, `created_at`, `updated_at`, `role`, `is_admin`) VALUES
(4, 'owner', 'Owner', 1, 'owner@jeff.ph', NULL, '$2y$10$h1y41nzKMAtJdr1e6WI25O1wAQz3KwjJe.diBBZVcFDQ76Iw01AOW', 'PFVindv3qPRfPPMktsH0BUTymfSrJbuBtrFNKKjWM6VdVQBX4JjaigURrFPp', '2019-09-10 07:21:26', '2019-09-10 07:21:26', 'Secretary', NULL);

-- --------------------------------------------------------

--
-- Table structure for table `vehicles`
--

CREATE TABLE `vehicles` (
  `vehicle_id` int(11) NOT NULL,
  `client_id` int(11) DEFAULT NULL,
  `plate_no` varchar(255) NOT NULL,
  `type` enum('SUV/AUV','Pickup Truck','Customised Vehicle','') NOT NULL,
  `model` varchar(255) NOT NULL,
  `color` varchar(255) NOT NULL,
  `description` varchar(255) DEFAULT NULL,
  `date_created` timestamp NOT NULL DEFAULT CURRENT_TIMESTAMP ON UPDATE CURRENT_TIMESTAMP,
  `date_updated` timestamp NOT NULL DEFAULT CURRENT_TIMESTAMP ON UPDATE CURRENT_TIMESTAMP
) ENGINE=InnoDB DEFAULT CHARSET=latin1;

--
-- Dumping data for table `vehicles`
--

INSERT INTO `vehicles` (`vehicle_id`, `client_id`, `plate_no`, `type`, `model`, `color`, `description`, `date_created`, `date_updated`) VALUES
(1, 3, 'ZXC 987', 'SUV/AUV', '2019', 'Red', 'outdoor driving', '2020-01-06 07:06:57', '2020-01-06 07:06:57'),
(2, 34, 'ABC 123', 'Pickup Truck', 'Raptor', 'Yellow', NULL, '2020-01-02 05:32:00', '2020-01-02 10:34:07'),
(3, 21, 'DFT 490', 'Pickup Truck', 'Elf', 'Pink', NULL, '2019-12-27 00:40:00', '2020-01-02 10:34:47'),
(4, 7, 'DET 902', 'SUV/AUV', 'Innova', 'Silver', NULL, '2020-01-02 08:19:09', '2020-01-02 13:56:07'),
(5, 7, 'TRE 01', 'SUV/AUV', 'Chevrolet', 'Orange', NULL, '2020-01-02 02:12:00', '2020-01-02 13:56:07'),
(6, 42, 'OPX 730', 'Customised Vehicle', 'Lambo', 'Red', 'lowered', '2020-01-01 22:14:23', '2020-01-02 13:57:21'),
(7, 32, 'QSX 499', 'Pickup Truck', 'Estrada', 'Black', 'outdoors vehicle', '2020-01-06 06:08:53', '2020-01-06 06:08:53'),
(8, 53, 'CVB 567', 'Pickup Truck', 'Chevrolet Colorado', 'Red', NULL, '2020-01-06 06:57:16', '2020-01-06 06:57:16'),
(9, 67, 'CFD 960', 'SUV/AUV', 'Ford Ranger', 'Red', NULL, '2020-01-06 06:08:43', '2020-01-06 06:08:43'),
(10, 84, 'JRU 673', 'SUV/AUV', 'Foton Thunder', 'Blue', NULL, '2020-01-06 06:08:43', '2020-01-06 06:08:43'),
(11, 64, 'IIO 398', 'Pickup Truck', 'Mitsubishi L200', 'Silver', NULL, '2020-01-06 06:47:47', '2020-01-06 06:47:47'),
(12, 65, 'YTE 673', 'Pickup Truck', 'Mitsubishi Strada', 'Black', NULL, '2020-01-06 06:56:35', '2020-01-06 06:56:35'),
(13, 43, 'ERO 430', 'Pickup Truck', 'Nissan Navara', 'Golden Yellow', NULL, '2020-01-06 06:56:35', '2020-01-06 06:56:35'),
(14, 101, 'RTO 323', 'SUV/AUV', 'SsangYong Musso', 'Green', NULL, '2020-01-06 06:56:35', '2020-01-06 06:56:35'),
(15, 5, 'DFO 341', 'SUV/AUV', 'Toyota Hiace', 'Navy Blue', NULL, '2020-01-06 06:56:35', '2020-01-06 06:56:35'),
(16, 6, 'Hyundai ', 'SUV/AUV', 'Grand Starex', 'Pink', NULL, '2020-01-06 06:56:35', '2020-01-06 06:56:35'),
(17, 10, 'DFS 543', 'SUV/AUV', 'Isuzu D-Max', 'Grey', NULL, '2020-01-06 06:56:35', '2020-01-06 06:56:35'),
(18, 11, 'WPO 329', 'Pickup Truck', 'Foton Thunder', 'Violet', NULL, '2020-01-06 06:56:35', '2020-01-06 06:56:35'),
(19, 12, 'OPP 569', 'SUV/AUV', 'JMC Hunter', 'white', NULL, '2020-01-06 06:56:35', '2020-01-06 06:56:35'),
(20, 13, 'AAO 320', 'SUV/AUV', 'JMC Vigor', 'Silver', NULL, '2020-01-06 06:56:35', '2020-01-06 06:56:35'),
(21, 14, 'FDE 235', 'SUV/AUV', 'Dodge Ram', 'Black', NULL, '2020-01-06 06:56:35', '2020-01-06 06:56:35'),
(22, 4, 'GGD 228', 'Pickup Truck', 'Toyota Avanza', 'Light Brown', NULL, '2020-01-06 07:04:41', '2020-01-06 07:04:41'),
(23, 17, 'TTT 324', 'Pickup Truck', 'Toyota Innova', 'Orange', NULL, '2020-01-06 07:04:41', '2020-01-06 07:04:41'),
(24, 18, 'PET 420', 'Pickup Truck', 'Mitsubishi Xpander', 'White Metalic', NULL, '2020-01-06 07:04:41', '2020-01-06 07:04:41'),
(25, 19, 'ZPS 325', 'SUV/AUV', 'Mazda 6 Sports Wagon', 'Matte Black', NULL, '2020-01-06 07:04:41', '2020-01-06 07:04:41'),
(26, 20, 'HLW 676', 'SUV/AUV', 'Volkswagen Santana GTS', 'Orange', NULL, '2020-01-06 07:04:41', '2020-01-06 07:04:41'),
(27, 21, 'POV 203', 'SUV/AUV', 'Peugeot 308', 'Yellow', NULL, '2020-01-06 07:05:34', '2020-01-06 07:05:34'),
(28, 0, 'DFP 399', 'SUV/AUV', 'Toyota Wigo', 'Black', NULL, '2020-01-06 07:06:27', '2020-01-06 07:06:27'),
(29, 22, 'GFD 900', 'Pickup Truck', 'Kia Soluto', 'Dark Red', NULL, '2020-01-06 07:14:36', '2020-01-06 07:14:36'),
(30, 23, 'VVS 293', 'Customised Vehicle', 'Hyundai Kona', 'Dark Grey', NULL, '2020-01-06 07:14:36', '2020-01-06 07:14:36'),
(31, 24, 'ERD 219', 'Pickup Truck', 'Suzuki Ertiga', 'Brown', NULL, '2020-01-06 07:14:36', '2020-01-06 07:14:36'),
(32, 25, 'DFD 225', 'SUV/AUV', 'Volkswagen Santana', 'Light Red', NULL, '2020-01-06 07:14:36', '2020-01-06 07:14:36'),
(33, 26, 'HLD 698', 'SUV/AUV', 'Suzuki Swift', 'Light Red', NULL, '2020-01-06 07:14:36', '2020-01-06 07:14:36'),
(34, 27, 'KDR 555', 'SUV/AUV', 'Suzuki Vitara', 'Yellow', NULL, '2020-01-06 07:14:36', '2020-01-06 07:14:36'),
(35, 28, 'RWY 653', 'SUV/AUV', 'Ford Everest', 'Black', NULL, '2020-01-06 07:14:36', '2020-01-06 07:14:36'),
(36, 29, 'FOD 111', 'SUV/AUV', 'MG ZS', 'Silver', NULL, '2020-01-06 07:14:36', '2020-01-06 07:14:36'),
(37, 30, 'DFS 2329', 'SUV/AUV', 'Ford Ranger', 'White', NULL, '2020-01-06 07:14:36', '2020-01-06 07:14:36'),
(38, 31, 'LKD 659', 'Pickup Truck', 'Toyota Hilux', 'Black', NULL, '2020-01-06 07:14:36', '2020-01-06 07:14:36'),
(39, 33, 'ORI 5640', 'Pickup Truck', 'Ford Ranger Raptor', 'Black', NULL, '2020-01-06 07:47:28', '2020-01-06 07:47:28'),
(40, 35, 'FGE 604', 'Pickup Truck', 'Ford Ranger Raptor', 'Black', NULL, '2020-01-06 07:47:28', '2020-01-06 07:47:28'),
(41, 36, 'ETO 777', 'SUV/AUV', 'JAC T6', 'Silver', NULL, '2020-01-06 07:47:28', '2020-01-06 07:47:28'),
(42, 37, 'SAS 557', 'SUV/AUV', 'Tata Xenon', 'Black', NULL, '2020-01-06 07:47:28', '2020-01-06 07:47:28'),
(43, 38, 'HKD 540', 'SUV/AUV', 'Great Wall Wingle', 'Black', NULL, '2020-01-06 07:47:28', '2020-01-06 07:47:28'),
(44, 39, 'VBG 529', 'Pickup Truck', 'Great Wall Wingle', 'Black', NULL, '2020-01-06 07:47:28', '2020-01-06 07:47:28'),
(45, 40, 'KDR 888', 'SUV/AUV', 'JMC Vigor', 'White', NULL, '2020-01-07 06:01:39', '2020-01-07 06:01:39'),
(46, 41, 'ERT 347', 'Pickup Truck', 'Mazda BT-50', 'White', NULL, '2020-01-06 07:47:28', '2020-01-06 07:47:28'),
(47, 45, 'FHI 459', 'SUV/AUV', 'Toyota Hilux', 'Black', NULL, '2020-01-06 07:47:28', '2020-01-06 07:47:28'),
(48, 47, 'MNM 193', 'SUV/AUV', 'Mitsubishi Strada\r\n', 'White', NULL, '2020-01-06 07:47:28', '2020-01-06 07:47:28'),
(49, 8, 'DSE 5632', 'SUV/AUV', 'Mitsubishi Strada\r\n', 'White', NULL, '2020-01-06 07:52:22', '2020-01-06 07:52:22'),
(50, 9, 'KHY 399\r\n', 'Pickup Truck', 'Chevrolet Colorado', 'Silver', NULL, '2020-01-07 05:49:28', '2020-01-07 05:49:28'),
(51, 15, 'DDS 2021', 'Pickup Truck', 'Toyota Tacoma', 'Black', NULL, '2020-01-06 07:54:10', '2020-01-06 07:54:10'),
(52, 16, 'DFL 459', 'SUV/AUV', 'Nissan Frontier', 'White', NULL, '2020-01-06 07:54:10', '2020-01-06 07:54:10'),
(53, 44, 'FDH 565', 'SUV/AUV', 'Dodge Ram 1500', 'Silver', NULL, '2020-01-06 08:21:49', '2020-01-06 08:21:49'),
(54, 46, 'GHH 44', 'Pickup Truck', 'Dodge Ram 1500', 'Blue', NULL, '2020-01-06 08:21:49', '2020-01-06 08:21:49'),
(55, 48, 'DDN 345', 'SUV/AUV', 'Dodge Ram 1500', 'Red', NULL, '2020-01-06 08:21:49', '2020-01-06 08:21:49'),
(56, 49, 'DFL 564', 'SUV/AUV', 'Toyota Tundra', 'Dark Red', NULL, '2020-01-06 08:21:49', '2020-01-06 08:21:49'),
(57, 50, 'SDA 434', 'Pickup Truck', 'Toyota Tundra', 'Black', NULL, '2020-01-06 08:21:49', '2020-01-06 08:21:49'),
(58, 51, 'FGH 567', 'Pickup Truck', 'Toyota Tundra', 'Yellow', NULL, '2020-01-06 08:21:49', '2020-01-06 08:21:49'),
(59, 52, 'YUI 437', 'SUV/AUV', 'Ford F-250', 'BLue', NULL, '2020-01-06 08:21:49', '2020-01-06 08:21:49'),
(60, 53, 'XXC 451', 'SUV/AUV', 'Ford F-250', 'Blue', NULL, '2020-01-06 08:21:49', '2020-01-06 08:21:49'),
(61, 54, 'FGB 679', 'Pickup Truck', 'Ford F-250', 'Black', NULL, '2020-01-06 08:21:49', '2020-01-06 08:21:49'),
(62, 55, 'QQK 311', 'SUV/AUV', 'Ford F-250', 'Red', NULL, '2020-01-06 08:21:49', '2020-01-06 08:21:49'),
(63, 56, 'HGH 769', 'SUV/AUV', 'Chevrolet Silverado 2500', 'White', NULL, '2020-01-06 08:21:49', '2020-01-06 08:21:49'),
(64, 57, 'SOO 446', 'Pickup Truck', 'GMC Sierra 1500', 'Black', NULL, '2020-01-06 08:21:49', '2020-01-06 08:21:49'),
(65, 58, 'KHJ 887', 'SUV/AUV', 'GMC Sierra 1500', 'White', NULL, '2020-01-06 08:21:49', '2020-01-06 08:21:49'),
(66, 59, 'KBN 344', 'Pickup Truck', 'Nissan Frontier', 'Black', NULL, '2020-01-06 08:21:49', '2020-01-06 08:21:49'),
(67, 60, 'XZY 123', 'Pickup Truck', 'Toyota RAV4', 'Yellow', NULL, '2020-01-06 08:21:49', '2020-01-06 08:21:49'),
(68, 61, 'ZZZ 110', 'Pickup Truck', 'Chevrolet Equinox', 'Blue', NULL, '2020-01-06 08:42:36', '2020-01-06 08:42:36'),
(69, 62, 'LKJ 987', 'SUV/AUV', 'Nissan Rogue', 'Brown', NULL, '2020-01-06 08:42:36', '2020-01-06 08:42:36'),
(70, 63, 'FHH 499', 'SUV/AUV', 'Honda CR-V', 'Yellow', NULL, '2020-01-06 08:42:36', '2020-01-06 08:42:36'),
(71, 64, 'OIU 566', 'Pickup Truck', 'Jeep Grand Cherokee', 'Black', NULL, '2020-01-06 08:42:36', '2020-01-06 08:42:36'),
(72, 66, 'OOP 906', 'SUV/AUV', 'Jeep Wrangler', 'Black', NULL, '2020-01-06 08:42:36', '2020-01-06 08:42:36'),
(73, 68, 'LKL 775', 'Pickup Truck', 'Toyota Highlander', 'White', NULL, '2020-01-06 08:42:36', '2020-01-06 08:42:36'),
(74, 69, 'EEW 111', 'Pickup Truck', 'Toyota Hiace', 'Silver', NULL, '2020-01-06 08:42:36', '2020-01-06 08:42:36'),
(75, 70, 'QOU 904', 'Pickup Truck', 'Ford Escape ', 'Red', NULL, '2020-01-06 08:42:36', '2020-01-06 08:42:36'),
(76, 71, 'MNN 553', 'Pickup Truck', 'Nissan Titan', 'Silver', NULL, '2020-01-07 06:01:45', '2020-01-07 06:01:45'),
(77, 72, 'NBV 561', 'SUV/AUV', 'Ram Pickup', 'Violet', NULL, '2020-01-06 08:42:36', '2020-01-06 08:42:36'),
(78, 73, 'CCW 118', 'SUV/AUV', 'Toyota Tacoma', 'Black', NULL, '2020-01-06 08:50:25', '2020-01-06 08:50:25'),
(79, 74, 'XIO 281', 'Pickup Truck', 'GMC Sierra', 'Black', NULL, '2020-01-06 08:50:25', '2020-01-06 08:50:25'),
(80, 75, 'DCY 194', 'Pickup Truck', 'Toyota Tundra', 'Black', NULL, '2020-01-06 08:50:25', '2020-01-06 08:50:25'),
(81, 76, 'AAA 456', '', 'Toyota RAV4 ', 'White', NULL, '2020-01-06 08:50:25', '2020-01-06 08:50:25'),
(82, 77, 'FGM 382', 'SUV/AUV', 'Toyota RAV4 ', 'Yellow', NULL, '2020-01-06 08:50:25', '2020-01-06 08:50:25'),
(83, 78, 'YMT 559', 'Customised Vehicle', 'Jeep Grand Cherokee ', 'Black', NULL, '2020-01-06 08:50:25', '2020-01-06 08:50:25'),
(84, 79, 'KKJ 657', 'SUV/AUV', 'Ford Explorer ', 'Brown', NULL, '2020-01-06 08:50:25', '2020-01-06 08:50:25'),
(85, 80, 'TVD 943', 'Pickup Truck', 'Ford Explorer ', 'Black', NULL, '2020-01-06 08:50:25', '2020-01-06 08:50:25'),
(86, 81, 'CCT 2917', 'SUV/AUV', 'Nissan Rogue ', 'Blue', NULL, '2020-01-06 08:50:25', '2020-01-06 08:50:25'),
(87, 82, 'GVK 587', 'SUV/AUV', 'Honda CR-V', 'Black', NULL, '2020-01-06 08:50:25', '2020-01-06 08:50:25'),
(88, 83, 'DTV 455', 'Pickup Truck', 'Toyota Tacoma', 'Black', NULL, '2020-01-06 09:19:29', '2020-01-06 09:19:29'),
(89, 85, 'FTY 992', 'Pickup Truck', 'Toyota Tacoma', 'White', NULL, '2020-01-06 09:19:29', '2020-01-06 09:19:29'),
(90, 86, 'SMW 911', 'Pickup Truck', 'Chevrolet Colorado ', 'Silver', NULL, '2020-01-06 09:19:29', '2020-01-06 09:19:29'),
(91, 87, 'FKA 291', 'Pickup Truck', 'Chevrolet Colorado ', 'Navy Blue', NULL, '2020-01-06 09:19:29', '2020-01-06 09:19:29'),
(92, 88, 'LAA 119', 'Pickup Truck', 'Nissan Titan', 'Orange', NULL, '2020-01-06 09:19:29', '2020-01-06 09:19:29'),
(93, 89, 'XQO 998', 'Pickup Truck', 'Ford Ranger', 'Black', NULL, '2020-01-06 09:19:29', '2020-01-06 09:19:29'),
(94, 90, 'GMY 344', 'Pickup Truck', 'Chevrolet Colorado', 'White', NULL, '2020-01-06 09:19:29', '2020-01-06 09:19:29'),
(95, 91, 'MQO 124', 'SUV/AUV', 'Ford Raptor', 'White', NULL, '2020-01-06 09:19:29', '2020-01-06 09:19:29'),
(96, 92, 'TMV 683', 'Pickup Truck', 'Ford Ranger', 'Orange Yellow', NULL, '2020-01-06 09:19:29', '2020-01-06 09:19:29'),
(97, 93, 'DDL 395', 'Pickup Truck', 'Chevrolet Colorado', 'Black', NULL, '2020-01-06 09:19:29', '2020-01-06 09:19:29'),
(98, 94, 'YOU 858', 'Pickup Truck', 'Mitsubishi Strada', 'Black', NULL, '2020-01-07 05:53:17', '2020-01-07 05:53:17'),
(99, 95, 'RRW 341', 'Pickup Truck', 'Chevrolet Silverado 2500', 'Yellow', NULL, '2020-01-07 05:53:17', '2020-01-07 05:53:17'),
(100, 96, 'YYR 277', 'Customised Vehicle', 'Ford F-250', 'Black', NULL, '2020-01-07 05:53:17', '2020-01-07 05:53:17'),
(101, 97, 'KDF 342', 'Pickup Truck', 'Nissan Frontier', 'White', NULL, '2020-01-07 05:53:17', '2020-01-07 05:53:17'),
(102, 98, 'RTU 347', 'Pickup Truck', 'Toyota Tundra', 'Silver', NULL, '2020-01-07 05:53:17', '2020-01-07 05:53:17'),
(103, 99, 'UUI 997', 'Pickup Truck', 'GMC Sierra 1500', 'White', NULL, '2020-01-07 06:02:32', '2020-01-07 06:02:32'),
(104, 100, 'OTI 097', 'Pickup Truck', 'Dodge Ram 2500', 'Orange', NULL, '2020-01-07 05:53:17', '2020-01-07 05:53:17');

--
-- Indexes for dumped tables
--

--
-- Indexes for table `brand`
--
ALTER TABLE `brand`
  ADD PRIMARY KEY (`brand_id`);

--
-- Indexes for table `category`
--
ALTER TABLE `category`
  ADD PRIMARY KEY (`category_id`),
  ADD UNIQUE KEY `category_id` (`category_id`);

--
-- Indexes for table `clients`
--
ALTER TABLE `clients`
  ADD PRIMARY KEY (`client_id`);

--
-- Indexes for table `deliveries`
--
ALTER TABLE `deliveries`
  ADD PRIMARY KEY (`id`);

--
-- Indexes for table `job_order`
--
ALTER TABLE `job_order`
  ADD PRIMARY KEY (`jo_id`);

--
-- Indexes for table `mechanic`
--
ALTER TABLE `mechanic`
  ADD PRIMARY KEY (`mechanic_id`);

--
-- Indexes for table `migrations`
--
ALTER TABLE `migrations`
  ADD PRIMARY KEY (`id`);

--
-- Indexes for table `password_resets`
--
ALTER TABLE `password_resets`
  ADD KEY `password_resets_email_index` (`email`);

--
-- Indexes for table `products`
--
ALTER TABLE `products`
  ADD PRIMARY KEY (`product_id`);

--
-- Indexes for table `product_details`
--
ALTER TABLE `product_details`
  ADD PRIMARY KEY (`product_id`),
  ADD KEY `category_id` (`category_id`);

--
-- Indexes for table `provider`
--
ALTER TABLE `provider`
  ADD PRIMARY KEY (`provider_id`);

--
-- Indexes for table `purchase_order`
--
ALTER TABLE `purchase_order`
  ADD PRIMARY KEY (`po_id`);

--
-- Indexes for table `service`
--
ALTER TABLE `service`
  ADD PRIMARY KEY (`service_id`);

--
-- Indexes for table `supplier`
--
ALTER TABLE `supplier`
  ADD PRIMARY KEY (`supplier_id`),
  ADD UNIQUE KEY `name` (`supplier_name`);

--
-- Indexes for table `transaction2`
--
ALTER TABLE `transaction2`
  ADD PRIMARY KEY (`transaction2_id`),
  ADD UNIQUE KEY `transaction2_id` (`transaction2_id`),
  ADD KEY `client_id` (`client_id`);

--
-- Indexes for table `transactions`
--
ALTER TABLE `transactions`
  ADD PRIMARY KEY (`tId`),
  ADD KEY `transactions_client_id_foreign` (`client_id`),
  ADD KEY `transactions_product_id_foreign` (`product_id`),
  ADD KEY `vehicle_id` (`vehicle_id`);

--
-- Indexes for table `users`
--
ALTER TABLE `users`
  ADD PRIMARY KEY (`id`),
  ADD UNIQUE KEY `users_email_unique` (`email`);

--
-- Indexes for table `vehicles`
--
ALTER TABLE `vehicles`
  ADD PRIMARY KEY (`vehicle_id`),
  ADD UNIQUE KEY `plate_no` (`plate_no`),
  ADD UNIQUE KEY `vehicle_id` (`vehicle_id`);

--
-- AUTO_INCREMENT for dumped tables
--

--
-- AUTO_INCREMENT for table `brand`
--
ALTER TABLE `brand`
  MODIFY `brand_id` int(11) NOT NULL AUTO_INCREMENT, AUTO_INCREMENT=4;

--
-- AUTO_INCREMENT for table `category`
--
ALTER TABLE `category`
  MODIFY `category_id` int(11) NOT NULL AUTO_INCREMENT, AUTO_INCREMENT=7;

--
-- AUTO_INCREMENT for table `clients`
--
ALTER TABLE `clients`
  MODIFY `client_id` int(11) UNSIGNED NOT NULL AUTO_INCREMENT, AUTO_INCREMENT=502;

--
-- AUTO_INCREMENT for table `deliveries`
--
ALTER TABLE `deliveries`
  MODIFY `id` int(11) NOT NULL AUTO_INCREMENT, AUTO_INCREMENT=37;

--
-- AUTO_INCREMENT for table `job_order`
--
ALTER TABLE `job_order`
  MODIFY `jo_id` int(10) UNSIGNED NOT NULL AUTO_INCREMENT, AUTO_INCREMENT=9;

--
-- AUTO_INCREMENT for table `mechanic`
--
ALTER TABLE `mechanic`
  MODIFY `mechanic_id` int(10) NOT NULL AUTO_INCREMENT, AUTO_INCREMENT=19;

--
-- AUTO_INCREMENT for table `migrations`
--
ALTER TABLE `migrations`
  MODIFY `id` int(10) UNSIGNED NOT NULL AUTO_INCREMENT, AUTO_INCREMENT=11;

--
-- AUTO_INCREMENT for table `products`
--
ALTER TABLE `products`
  MODIFY `product_id` int(11) UNSIGNED NOT NULL AUTO_INCREMENT, AUTO_INCREMENT=101;

--
-- AUTO_INCREMENT for table `provider`
--
ALTER TABLE `provider`
  MODIFY `provider_id` int(10) UNSIGNED NOT NULL AUTO_INCREMENT, AUTO_INCREMENT=3;

--
-- AUTO_INCREMENT for table `purchase_order`
--
ALTER TABLE `purchase_order`
  MODIFY `po_id` int(10) UNSIGNED NOT NULL AUTO_INCREMENT, AUTO_INCREMENT=119;

--
-- AUTO_INCREMENT for table `service`
--
ALTER TABLE `service`
  MODIFY `service_id` int(10) NOT NULL AUTO_INCREMENT, AUTO_INCREMENT=7;

--
-- AUTO_INCREMENT for table `supplier`
--
ALTER TABLE `supplier`
  MODIFY `supplier_id` int(10) NOT NULL AUTO_INCREMENT, AUTO_INCREMENT=3;

--
-- AUTO_INCREMENT for table `transaction2`
--
ALTER TABLE `transaction2`
  MODIFY `transaction2_id` int(11) NOT NULL AUTO_INCREMENT, AUTO_INCREMENT=4;

--
-- AUTO_INCREMENT for table `transactions`
--
ALTER TABLE `transactions`
  MODIFY `tId` int(10) UNSIGNED NOT NULL AUTO_INCREMENT, AUTO_INCREMENT=501;

--
-- AUTO_INCREMENT for table `users`
--
ALTER TABLE `users`
  MODIFY `id` int(10) UNSIGNED NOT NULL AUTO_INCREMENT, AUTO_INCREMENT=5;

--
-- AUTO_INCREMENT for table `vehicles`
--
ALTER TABLE `vehicles`
  MODIFY `vehicle_id` int(11) NOT NULL AUTO_INCREMENT, AUTO_INCREMENT=105;

--
-- Constraints for dumped tables
--

--
-- Constraints for table `product_details`
--
ALTER TABLE `product_details`
  ADD CONSTRAINT `product_details_ibfk_1` FOREIGN KEY (`category_id`) REFERENCES `category` (`category_id`),
  ADD CONSTRAINT `product_details_product_id_foreign` FOREIGN KEY (`product_id`) REFERENCES `products` (`product_id`) ON DELETE CASCADE;

--
-- Constraints for table `transactions`
--
ALTER TABLE `transactions`
  ADD CONSTRAINT `transactions_client_id_foreign` FOREIGN KEY (`client_id`) REFERENCES `clients` (`client_id`) ON DELETE CASCADE,
  ADD CONSTRAINT `transactions_ibfk_1` FOREIGN KEY (`vehicle_id`) REFERENCES `vehicles` (`vehicle_id`),
  ADD CONSTRAINT `transactions_product_id_foreign` FOREIGN KEY (`product_id`) REFERENCES `products` (`product_id`) ON DELETE CASCADE;
COMMIT;

/*!40101 SET CHARACTER_SET_CLIENT=@OLD_CHARACTER_SET_CLIENT */;
/*!40101 SET CHARACTER_SET_RESULTS=@OLD_CHARACTER_SET_RESULTS */;
/*!40101 SET COLLATION_CONNECTION=@OLD_COLLATION_CONNECTION */;
