-- phpMyAdmin SQL Dump
-- version 4.8.3
-- https://www.phpmyadmin.net/
--
-- Host: 127.0.0.1
-- Generation Time: Jan 12, 2020 at 02:27 PM
-- Server version: 10.1.36-MariaDB
-- PHP Version: 7.2.10

SET SQL_MODE = "NO_AUTO_VALUE_ON_ZERO";
SET AUTOCOMMIT = 0;
START TRANSACTION;
SET time_zone = "+00:00";


/*!40101 SET @OLD_CHARACTER_SET_CLIENT=@@CHARACTER_SET_CLIENT */;
/*!40101 SET @OLD_CHARACTER_SET_RESULTS=@@CHARACTER_SET_RESULTS */;
/*!40101 SET @OLD_COLLATION_CONNECTION=@@COLLATION_CONNECTION */;
/*!40101 SET NAMES utf8mb4 */;

--
-- Database: `jeffoffsroad`
--

-- --------------------------------------------------------

--
-- Table structure for table `brand`
--

CREATE TABLE `brand` (
  `brand_id` int(10) NOT NULL,
  `name` varchar(256) NOT NULL
) ENGINE=MyISAM DEFAULT CHARSET=latin1;

-- --------------------------------------------------------

--
-- Table structure for table `category`
--

CREATE TABLE `category` (
  `category_id` int(11) NOT NULL,
  `category_name` varchar(255) COLLATE utf8mb4_unicode_ci NOT NULL
) ENGINE=InnoDB DEFAULT CHARSET=utf8mb4 COLLATE=utf8mb4_unicode_ci;

--
-- Dumping data for table `category`
--

INSERT INTO `category` (`category_id`, `category_name`) VALUES
(1, 'Wheel Rims'),
(2, 'Wheel Tires'),
(3, 'Suspension'),
(4, 'Oils'),
(5, 'Accessories'),
(6, 'Detailing Products');

-- --------------------------------------------------------

--
-- Table structure for table `clients`
--

CREATE TABLE `clients` (
  `client_id` int(10) UNSIGNED NOT NULL,
  `firstname` varchar(191) COLLATE utf8mb4_unicode_ci NOT NULL,
  `lastname` varchar(191) COLLATE utf8mb4_unicode_ci NOT NULL,
  `contact_no` bigint(11) NOT NULL,
  `age` int(11) NOT NULL,
  `email` varchar(191) COLLATE utf8mb4_unicode_ci NOT NULL,
  `created_at` timestamp NULL DEFAULT NULL,
  `updated_at` timestamp NULL DEFAULT NULL
) ENGINE=InnoDB DEFAULT CHARSET=utf8mb4 COLLATE=utf8mb4_unicode_ci;

--
-- Dumping data for table `clients`
--

INSERT INTO `clients` (`client_id`, `firstname`, `lastname`, `contact_no`, `age`, `email`, `created_at`, `updated_at`) VALUES
(3, 'Nicholas', 'Ebert', 9215556968, 56, 'stephania76@gmail.com', '2011-10-19 00:13:19', '1983-02-25 07:16:53'),
(4, 'Yazmin', 'Bruen', 9295550504, 28, 'ggorczany@gmail.com', '1988-11-14 21:32:35', '1987-07-06 06:05:08'),
(5, 'Cale', 'Volkman', 9215551117, 40, 'torp.gene@gmail.com', '1999-10-30 07:48:33', '2000-02-10 10:31:53'),
(6, 'Nyah', 'Keebler', 9195255150, 32, 'opredovic@gmail.com', '1974-06-19 10:26:01', '1972-02-13 02:08:01'),
(7, 'Shanel', 'Mann', 9195551504, 32, 'ortiz.guy@egmail.com', '1980-08-10 11:24:29', '2012-01-25 07:20:49'),
(8, 'Pamela', 'Schamberger', 9215556963, 33, 'maxime.hauck@gmail.com', '1971-08-30 19:07:38', '1988-02-23 10:57:51'),
(9, 'Olen', 'Buckridge', 9195551519, 70, 'konopelski.julia@yahoo.com', '2004-05-21 21:54:04', '1996-11-24 18:58:28'),
(10, 'Eleanora', 'Sauer', 9195551519, 26, 'hanna.douglas@yahoo.com', '2006-01-18 20:37:28', '1987-06-10 08:46:42'),
(11, 'Woodrow', 'Bode', 9215551124, 41, 'karianne.emmerich@gmail.com', '1994-10-25 15:00:59', '1992-06-15 17:30:07'),
(12, 'Lucy', 'Tremblay', 9195321512, 35, 'stark.tre@example.com', '2015-01-29 05:30:28', '2017-09-01 22:27:15'),
(13, 'Kiana', 'Bartell', 9294550427, 50, 'erika52@gmail.com', '2014-08-10 13:41:00', '1999-04-23 07:58:10'),
(14, 'Agnes', 'Kozey', 9294550427, 42, 'aeichmann@yahoo.com', '1997-03-18 04:52:13', '2016-09-29 07:29:37'),
(15, 'Dexter', 'Davis', 9193351423, 58, 'farrell.rosanna@gmail.com', '2019-01-25 09:14:05', '2009-04-17 09:08:00'),
(16, 'Abdul', 'Corwin', 9193351423, 22, 'avis15@gmail.com', '1996-04-25 09:46:09', '1987-08-31 01:36:57'),
(17, 'Rosa', 'Walsh', 92805557934, 31, 'jmarvin@yahoo.com', '1973-04-18 05:31:49', '1989-05-11 06:45:27'),
(18, 'Clementine', 'Gusikowski', 9295550511, 65, 'chelsie79@example.com', '1974-04-22 04:49:54', '1980-01-23 12:11:29'),
(19, 'Chet', 'Kovacek', 9296780521, 30, 'leanna91@gmail.com', '1982-11-12 02:40:31', '2010-11-06 16:45:11'),
(20, 'Dell', 'Beahan', 9195559866, 81, 'pziemann@gmail.com', '1988-03-31 18:41:44', '2009-05-13 14:15:27'),
(21, 'Yvonne', 'Jacobson', 928555794, 55, 'pfeffer.uriel@gmail.com', '1992-11-10 02:43:11', '1973-04-12 12:30:49'),
(22, 'Candido', 'Fisher', 9215552217, 24, 'alan38@gmail.com', '1985-09-18 11:15:20', '2013-02-19 12:10:59'),
(23, 'Chadd', 'Okuneva', 9215556962, 21, 'blanda.rosalia@gmail.com', '1999-09-29 13:52:21', '1981-09-26 11:52:16'),
(24, 'Juliana', 'Robel', 9195272543, 46, 'swift.burdette@gmail.com', '1978-07-14 15:17:34', '1983-09-08 22:18:08'),
(25, 'Mittie', 'Weissnat', 9197771225, 61, 'helene.senger@gmail.com', '2011-07-27 03:53:58', '2013-06-19 02:54:28'),
(26, 'Taryn', 'Koss', 9215234963, 18, 'rosanna48@gmail.com', '1981-06-16 12:55:36', '1998-08-05 08:21:05'),
(27, 'Karolann', 'Donnelly', 9195435451, 45, 'boehm.miller@gmail.com', '2001-06-05 04:35:09', '1983-04-14 22:59:59'),
(28, 'Devin', 'Lebsack', 9235550230, 19, 'blick.modesta@yahoo.com', '2014-04-22 17:14:03', '2010-02-19 11:43:40'),
(29, 'Helga', 'Spencer', 9215257070, 74, 'modesta25@gmail.com', '1971-07-12 16:31:46', '1974-06-24 19:23:13'),
(30, 'Kaitlyn', 'Dach', 9214327777, 43, 'myrl.lakin@example.com', '2003-04-04 00:01:48', '1985-03-26 03:21:11'),
(31, 'Leann', 'Aufderhar', 9563350504, 27, 'morgan79@yahoo.com', '1988-07-02 04:15:39', '2013-12-19 02:45:04'),
(32, 'Johnpaul', 'Feest', 9192341505, 51, 'rlarson@example.net', '1975-04-30 13:13:43', '1994-11-02 10:00:48'),
(33, 'Chet', 'Leannon', 9214559681, 53, 'lucile.stoltenberg@gmail.com', '2001-07-05 19:08:31', '2009-03-11 08:03:48'),
(34, 'Emerald', 'Romaguera', 9215887956, 33, 'durgan.dagmar@yahoo.com', '2010-11-10 09:02:30', '1988-03-30 15:37:25'),
(35, 'Angie', 'Mills', 9215420120, 26, 'kub.ally@gmail.com', '1979-12-06 00:13:28', '1986-11-07 11:13:32'),
(36, 'Gaston', 'Collier', 9211156456, 87, 'miller.meghan@gmail.com', '1974-02-24 01:02:21', '2007-01-25 13:39:26'),
(37, 'Alf', 'Mills', 9217856964, 32, 'daphney.kuhn@yahoo.com', '1979-06-19 07:52:03', '1998-02-24 21:58:55'),
(38, 'Robert', 'Windler', 9211452970, 22, 'jamal37@gmail.com', '1978-01-11 15:39:54', '2016-10-28 18:42:15'),
(39, 'Chaz', 'Beier', 9216786968, 21, 'zaria.paucek@gmail.com', '2014-09-28 21:47:36', '1974-06-21 13:32:51'),
(40, 'Tyson', 'Powlowski', 9291460504, 86, 'bashirian.dolly@gmail.com', '1986-03-15 13:20:48', '1994-09-16 11:03:58'),
(41, 'Mollie', 'Bahringer', 9101459285, 25, 'hermann.celine@gmail.com', '1971-07-14 11:39:20', '2016-03-13 06:05:55'),
(42, 'Aubrey', 'Walsh', 9071148314, 44, 'igutkowski@gmail.com', '1985-05-11 04:33:37', '1979-08-09 04:16:41'),
(43, 'Abbey', 'Prohaska', 9214373451, 23, 'imccullough@gmail.com', '1974-07-11 04:24:28', '2002-02-27 22:34:34'),
(44, 'Assunta', 'Brakus', 9194411423, 28, 'merl19@gmail.com', '1983-12-27 02:38:56', '1985-06-15 02:48:20'),
(45, 'Zella', 'Wuckert', 9235545982, 45, 'serenity.ferry@gmail.com', '2014-10-12 20:04:08', '1997-12-28 21:57:51'),
(46, 'Nora', 'McDermott', 9233554691, 76, 'ppfeffer@yahoo.com', '1987-02-05 18:37:13', '1973-03-08 15:43:23'),
(47, 'Braxton', 'Ledner', 9123456789, 58, 'rippin.hailey@gmail.com', '2003-01-06 08:21:17', '1990-07-21 08:42:50'),
(48, 'Eliezer', 'Kuhlman', 9226780898, 59, 'morton.sawayn@gmail.com', '1988-08-03 20:37:54', '1997-03-01 07:43:29'),
(49, 'Olaf', 'Swaniawski', 9197893774, 33, 'ufarrell@gmail.com', '2003-03-25 10:54:15', '1999-07-28 17:20:27'),
(50, 'Kaylin', 'Bartoletti', 9329877241, 77, 'baumbach.eldora@gmail.com', '2001-08-24 11:15:00', '1997-07-02 12:56:02'),
(51, 'Alessia', 'Fritsch', 9016517258, 22, 'erling73@gmail.com', '2018-06-07 10:58:40', '2017-06-01 04:16:39'),
(52, 'Nicolette', 'Rogahn', 9105670285, 61, 'chelsey.jacobson@gmail.com', '1980-05-19 17:04:35', '1984-03-02 16:43:11'),
(53, 'Nola', 'Spencer', 82, 858061, 'jamil.cummings@example.org', '1980-08-07 15:47:02', '1991-04-10 09:19:22'),
(54, 'Selina', 'Yundt', 0, 7619116, 'ngrady@example.net', '1978-11-05 20:19:36', '2001-10-20 11:34:16'),
(55, 'Talon', 'Weber', 232503, 271228, 'marcelina.hansen@example.com', '1983-07-11 03:06:57', '1994-05-07 20:40:04'),
(56, 'Genesis', 'Ebert', 8388607, 0, 'torrey.herman@example.net', '2006-10-21 11:30:52', '2005-09-14 05:09:59'),
(57, 'Brant', 'Kuphal', 929, 323, 'bartholome75@example.net', '1981-08-13 23:58:45', '1972-07-21 21:07:37'),
(58, 'Luciano', 'Hyatt', 1, 3, 'lorine96@example.org', '1992-11-27 03:32:51', '2014-01-11 12:02:15'),
(59, 'Icie', 'Block', 8388607, 91, 'nia.bashirian@example.com', '1970-07-01 01:09:05', '2002-04-29 23:18:27'),
(60, 'Lambert', 'Torp', 231203, 7636, 'rosetta.hodkiewicz@example.com', '1995-09-06 07:59:51', '2015-01-17 00:38:02'),
(61, 'Kellie', 'Cruickshank', 534203, 350, 'dibbert.emerson@example.org', '1988-05-29 04:23:45', '1982-05-03 10:03:51'),
(62, 'Sterling', 'Toy', 29, 0, 'tbotsford@example.com', '2007-10-03 01:10:35', '2001-11-25 11:27:12'),
(63, 'Christopher', 'Mraz', 8388607, 66816, 'schuppe.dawson@example.net', '1995-08-02 18:16:04', '2002-09-24 18:19:47'),
(64, 'Lilly', 'Schumm', 369, 91103, 'wilhelmine89@example.org', '2016-08-11 21:08:45', '2015-09-11 01:59:56'),
(65, 'River', 'Spencer', 0, 458, 'jkozey@example.net', '1983-08-21 17:25:20', '1994-02-27 19:59:16'),
(66, 'Laisha', 'Stoltenberg', 25, 910231524, 'thelma73@example.net', '1999-01-13 17:23:19', '2017-01-06 10:12:56'),
(67, 'Emmet', 'Feest', 880, 7887, 'dusty05@example.net', '1998-08-04 08:30:44', '1973-01-02 06:31:02'),
(68, 'Devante', 'Keebler', 355, 812, 'chester11@example.com', '1994-05-30 04:56:22', '1972-11-28 04:18:55'),
(69, 'Jessika', 'Considine', 547, 92690, 'otilia85@example.net', '1974-04-14 18:56:46', '1998-11-17 02:30:19'),
(70, 'Jamarcus', 'Reichel', 8388607, 1158, 'dhaley@example.net', '1973-02-01 11:06:20', '2005-08-28 23:02:30'),
(71, 'Juliana', 'Bogisich', 129545, 0, 'tremblay.madge@example.com', '1973-03-18 21:20:35', '1985-12-03 12:33:21'),
(72, 'Ocie', 'Medhurst', 1, 31523, 'aubrey76@example.com', '2002-10-22 19:16:02', '1983-05-08 01:28:49'),
(73, 'Jodie', 'Reynolds', 0, 177991449, 'christine.muller@example.net', '1997-01-11 19:51:11', '2000-08-08 16:02:30'),
(74, 'Sean', 'Pacocha', 0, 7, 'violet.brekke@example.org', '2013-10-01 15:14:45', '2005-04-01 06:52:02'),
(75, 'Mateo', 'Anderson', 32, 340868220, 'cbednar@example.com', '2012-10-18 18:37:20', '1981-09-08 14:28:29'),
(76, 'Hadley', 'Stehr', 1, 9638, 'rhoda47@example.org', '1991-09-14 14:36:15', '1979-03-16 12:54:17'),
(77, 'Arvilla', 'DuBuque', 8388607, 6641, 'bridie59@example.net', '1997-11-25 20:35:15', '1991-05-06 09:22:43'),
(78, 'Darrell', 'Keebler', 8388607, 5990, 'goodwin.eusebio@example.com', '1988-06-06 17:33:45', '1986-03-04 00:28:10'),
(79, 'Gino', 'Swift', 41, 396, 'ctromp@example.net', '1983-02-08 11:37:56', '1989-02-08 15:02:41'),
(80, 'Evie', 'Stoltenberg', 448, 8705, 'damien85@example.net', '2018-09-05 11:15:53', '1994-10-28 13:49:49'),
(81, 'George', 'Nienow', 1, 3, 'tquitzon@example.org', '1973-11-24 09:28:56', '2005-02-27 16:37:50'),
(82, 'Vivien', 'Crist', 647463, 358, 'ziemann.bernardo@example.org', '2004-03-18 13:39:46', '1979-11-30 21:24:02'),
(83, 'Winfield', 'Auer', 824, 7, 'tia.grady@example.com', '1984-03-03 02:47:00', '2006-10-02 19:07:39'),
(84, 'Amalia', 'Fisher', 8388607, 34390, 'jayme.hyatt@example.net', '1982-08-22 19:33:33', '2016-09-12 10:18:18'),
(85, 'Jonathon', 'Wyman', 1, 603257, 'cormier.major@example.com', '2017-04-17 04:13:39', '1985-03-27 01:18:20'),
(86, 'Amaya', 'Kuhlman', 564143, 8182090, 'ubaldo05@example.net', '2009-11-02 17:43:56', '2011-05-11 21:32:51'),
(87, 'Jaida', 'Metz', 8388607, 365, 'favian31@example.net', '1979-02-07 23:59:08', '1976-12-24 07:30:45'),
(88, 'Bette', 'Denesik', 358765, 489643096, 'kerluke.sofia@example.net', '1985-04-26 06:47:03', '1977-02-16 16:50:35'),
(89, 'Yadira', 'Schuster', 969229, 386742, 'kavon.gerhold@example.net', '1972-08-24 02:28:36', '1970-12-03 08:57:11'),
(90, 'Kieran', 'Goyette', 1, 7, 'ujohns@example.org', '1981-02-08 18:23:32', '1996-04-10 21:05:43'),
(91, 'Charity', 'Hickle', 1, 866123488, 'iking@example.com', '2003-10-31 21:26:47', '2000-04-04 03:40:20'),
(92, 'Ramiro', 'Toy', 8388607, 453445, 'glindgren@example.com', '1972-11-20 07:50:44', '2001-12-17 00:57:33'),
(93, 'Tad', 'Rath', 1, 9592841, 'jolie35@example.com', '1997-08-02 22:40:22', '1982-05-22 15:55:24'),
(94, 'Alessandra', 'Anderson', 412, 8019379, 'joshua.kub@example.org', '1985-11-14 20:30:27', '1985-08-31 02:17:19'),
(95, 'Jamie', 'Hahn', 8388607, 111, 'zachary55@example.net', '1989-05-01 21:43:07', '1980-03-07 19:44:53'),
(96, 'Einar', 'Vandervort', 1, 545542, 'lizzie.borer@example.net', '1993-10-31 00:09:45', '1980-08-18 17:29:13'),
(97, 'Else', 'Wyman', 1, 21115, 'rebeca.wilkinson@example.com', '1993-12-18 05:39:02', '1996-09-05 00:17:00'),
(98, 'Erin', 'Ebert', 8388607, 93650, 'swaniawski.haleigh@example.net', '2010-05-16 11:30:04', '1997-10-02 02:58:25'),
(99, 'Nicole', 'Champlin', 8388607, 41, 'fbraun@example.org', '1981-12-11 06:46:32', '2009-12-02 07:56:53'),
(100, 'Athena', 'Aufderhar', 87, 0, 'randall06@example.com', '1971-09-16 12:50:34', '1974-02-08 21:25:17'),
(101, 'Alfred', 'Huels', 1, 414226773, 'harley66@example.net', '1986-09-15 20:45:39', '2011-07-01 10:07:42'),
(102, 'Anika', 'Lesch', 1, 65505003, 'cora26@example.org', '1972-03-21 10:26:45', '1979-10-21 13:55:46'),
(103, 'Julius', 'Gislason', 0, 55523, 'kieran21@example.net', '1970-08-22 04:57:08', '2001-09-05 19:58:48'),
(104, 'Lillian', 'Grant', 709, 9234710, 'kelli93@example.org', '1978-02-01 12:48:15', '2004-01-13 21:37:09'),
(105, 'Keshawn', 'DuBuque', 141, 96, 'mhowell@example.org', '1970-03-12 19:00:58', '1971-03-26 22:23:26'),
(106, 'Chandler', 'Pagac', 50289, 5, 'stracke.gaylord@example.com', '1970-02-26 08:27:01', '2002-05-04 19:48:11'),
(107, 'Willa', 'Tillman', 0, 85, 'adan70@example.net', '2018-07-21 10:22:58', '2018-09-27 02:45:57'),
(108, 'Alaina', 'Jenkins', 427835, 0, 'tate91@example.org', '1986-05-16 23:13:05', '2012-03-31 17:33:28'),
(109, 'Anastacio', 'Lehner', 0, 73, 'malika03@example.org', '1990-12-06 08:32:52', '1982-12-17 10:25:05'),
(110, 'Augustine', 'Collier', 0, 66, 'gutkowski.vivienne@example.com', '1987-06-15 08:06:26', '1978-11-15 22:03:54'),
(111, 'Elaina', 'Hahn', 0, 52845219, 'aniyah13@example.net', '2003-12-21 19:28:32', '2017-04-09 00:43:06'),
(112, 'Cleta', 'Mosciski', 0, 9005, 'emitchell@example.org', '2010-12-26 17:44:20', '2000-07-15 03:17:59'),
(113, 'Cecile', 'Harvey', 944, 9020083, 'gottlieb.ellis@example.com', '1971-11-18 18:31:05', '1996-05-16 02:09:41'),
(114, 'Maria', 'Schuppe', 1, 563521, 'vpagac@example.net', '1999-08-13 17:32:21', '2015-03-06 15:58:19'),
(115, 'Eliane', 'Boyer', 928047, 6, 'karolann58@example.com', '1990-12-14 23:55:44', '1974-08-11 04:42:03'),
(116, 'Shemar', 'Gerlach', 728137, 0, 'jeff.waters@example.net', '1988-11-09 23:28:16', '1996-02-20 15:39:38'),
(117, 'Caesar', 'Borer', 1, 48, 'yfritsch@example.net', '2013-02-02 15:01:41', '2012-06-02 07:48:47'),
(118, 'Kayli', 'Jacobi', 309988, 413800, 'jan.durgan@example.org', '2004-03-17 06:41:27', '1999-12-27 17:15:40'),
(119, 'Fay', 'Welch', 1, 7155447, 'leslie15@example.net', '2000-02-12 00:12:38', '2013-05-15 12:00:55'),
(120, 'Lola', 'Ratke', 0, 449173972, 'xwelch@example.org', '1978-06-14 17:15:04', '1988-03-21 06:57:38'),
(121, 'Sienna', 'Bode', 0, 8, 'jessy98@example.net', '2019-05-15 02:07:57', '1970-01-27 17:01:05'),
(122, 'Lauriane', 'Bogisich', 1, 0, 'oberbrunner.gloria@example.net', '2016-07-02 05:17:31', '1990-02-13 05:40:08'),
(123, 'Layla', 'Roob', 215791, 32660, 'mathilde.hermann@example.net', '2018-05-02 20:11:37', '1998-09-20 04:27:52'),
(124, 'Oma', 'Zieme', 1, 0, 'jhintz@example.net', '1977-01-08 00:29:22', '1991-04-03 11:22:36'),
(125, 'Maddison', 'Halvorson', 516, 174, 'tmonahan@example.org', '1995-03-24 06:59:42', '2005-02-18 02:46:29'),
(126, 'Newton', 'Nicolas', 0, 7, 'eugenia.dietrich@example.net', '1974-04-05 12:26:37', '1976-01-29 20:18:14'),
(127, 'Webster', 'Heller', 0, 14, 'hpagac@example.org', '1984-01-16 23:34:45', '2011-02-04 08:21:31'),
(128, 'Marjorie', 'Rutherford', 205992, 3314, 'buddy49@example.com', '1978-04-03 23:10:18', '1993-09-02 16:53:34'),
(129, 'Jeremy', 'Leuschke', 254007, 3, 'tia.rowe@example.org', '2015-06-09 12:14:21', '1990-08-05 22:55:47'),
(130, 'Jordi', 'Rutherford', 0, 175407981, 'harvey84@example.net', '2016-01-15 03:26:05', '1971-02-17 12:46:27'),
(131, 'Greg', 'McKenzie', 8388607, 54, 'columbus.johnston@example.net', '1990-10-22 03:58:05', '2019-05-23 17:09:43'),
(132, 'Anabelle', 'VonRueden', 1, 8, 'trey.koss@example.net', '1992-10-11 21:28:34', '1970-10-29 16:49:53'),
(133, 'Olaf', 'McClure', 101987, 0, 'vsporer@example.com', '1984-11-01 10:30:06', '2018-05-05 22:39:12'),
(134, 'Gerda', 'Orn', 185, 467770, 'shane76@example.org', '1970-11-25 01:15:25', '2003-05-30 14:38:20'),
(135, 'Ophelia', 'Goldner', 0, 0, 'lois.will@example.net', '2009-07-17 13:33:54', '1974-06-21 00:03:01'),
(136, 'Ethelyn', 'Ebert', 423313, 1, 'kyle84@example.net', '2018-10-20 10:22:51', '1990-01-27 11:27:52'),
(137, 'Henry', 'Ortiz', 500414, 8902413, 'lynch.natalie@example.com', '2008-08-07 07:07:54', '1989-12-30 19:49:28'),
(138, 'Fredrick', 'Reichel', 0, 0, 'qleuschke@example.com', '2017-08-26 00:33:43', '1972-08-09 09:38:49'),
(139, 'Otto', 'Rath', 1, 1611, 'hahn.murray@example.org', '1997-11-17 03:20:34', '1985-02-12 15:06:30'),
(140, 'Christian', 'Koepp', 1, 27222, 'mccullough.ines@example.com', '1986-04-13 11:56:23', '1996-10-29 10:51:00'),
(141, 'Aubrey', 'Blanda', 250907, 90558375, 'bailey.sigurd@example.net', '1971-01-21 16:46:30', '2016-08-12 11:50:25'),
(142, 'Marlen', 'Berge', 683, 93170783, 'brent.mraz@example.com', '1993-11-14 14:42:09', '1977-02-08 01:49:35'),
(143, 'Lina', 'Murphy', 8388607, 5, 'tate.balistreri@example.net', '1978-02-15 03:10:56', '2006-05-17 22:17:06'),
(144, 'Narciso', 'Kutch', 0, 209708394, 'fwalker@example.org', '1978-06-17 14:15:41', '2004-07-01 14:06:31'),
(145, 'Bernie', 'Williamson', 733741, 8204, 'milford.vonrueden@example.com', '1982-02-12 20:26:12', '1996-01-24 14:57:41'),
(146, 'Cristina', 'Ernser', 0, 958623, 'bosco.sidney@example.com', '2000-09-12 05:44:21', '1983-05-28 19:41:52'),
(147, 'Arnulfo', 'Feil', 8388607, 588091, 'zlynch@example.com', '2002-06-21 11:51:16', '1974-10-19 04:34:12'),
(148, 'Lonie', 'Kub', 721438, 0, 'hoppe.taya@example.net', '2001-08-19 01:38:38', '1974-06-22 22:13:43'),
(149, 'Hudson', 'Goldner', 1, 26, 'cassie.mraz@example.net', '1975-09-10 18:56:41', '2005-07-30 08:48:31'),
(150, 'Valentin', 'Koss', 1, 68, 'sonya36@example.net', '1995-10-19 07:34:28', '1997-11-13 11:48:39'),
(151, 'Mary', 'Donnelly', 977, 0, 'elian.o\'kon@example.net', '1976-10-11 16:12:09', '1992-04-03 22:44:06'),
(152, 'Halie', 'Crist', 0, 51, 'nathanael32@example.com', '1990-12-05 18:54:40', '1972-08-15 02:38:15'),
(153, 'Myriam', 'Hilpert', 1, 64, 'filomena76@example.net', '1993-10-29 17:41:48', '1989-10-08 13:14:04'),
(154, 'Rubye', 'Wuckert', 0, 258, 'ofarrell@example.net', '2017-02-03 12:22:04', '2017-02-05 20:16:07'),
(155, 'Gia', 'Ondricka', 245946, 454211, 'aiyana.dicki@example.net', '1995-07-20 11:36:31', '2012-08-31 06:45:11'),
(156, 'Andrew', 'Quigley', 1, 96578, 'lisa.auer@example.org', '2010-02-28 05:03:17', '2018-06-26 22:34:58'),
(157, 'Keira', 'Baumbach', 0, 361790175, 'jermaine.sporer@example.net', '1985-11-26 13:48:27', '1994-07-13 03:31:27'),
(158, 'Marion', 'Balistreri', 0, 7147010, 'elijah25@example.net', '2017-07-31 16:01:39', '1993-12-14 02:10:03'),
(159, 'Miguel', 'Wuckert', 972431, 0, 'llockman@example.net', '2013-10-06 13:27:29', '1981-08-08 01:55:25'),
(160, 'Corene', 'Kling', 0, 8218296, 'zakary26@example.com', '1999-08-18 15:03:18', '1971-10-28 00:33:57'),
(161, 'Nya', 'Dietrich', 645729, 6, 'agnes63@example.com', '1971-12-21 14:32:46', '1976-03-16 15:00:22'),
(162, 'Afton', 'Fadel', 0, 81933, 'fannie54@example.com', '1992-05-05 16:59:28', '1987-10-02 17:19:43'),
(163, 'Reta', 'Spinka', 538431, 730, 'legros.alejandra@example.org', '1976-03-25 09:14:11', '2018-08-29 00:35:59'),
(164, 'Jeffery', 'Orn', 938892, 64845, 'kuphal.davon@example.org', '2013-11-25 21:10:38', '2005-07-23 17:55:09'),
(165, 'Mitchel', 'Koelpin', 16, 607536, 'annabel57@example.net', '1999-02-24 18:25:42', '1988-09-26 05:56:53'),
(166, 'Natalie', 'Hyatt', 8388607, 8, 'jeanne65@example.org', '2006-11-03 22:16:21', '1975-03-23 19:07:57'),
(167, 'Pearlie', 'Jacobson', 0, 81076, 'dereck68@example.com', '2013-12-29 14:33:19', '1989-12-19 22:11:58'),
(168, 'Wendy', 'Hauck', 0, 69418, 'ward.tatum@example.org', '2010-10-11 07:43:56', '1984-07-24 17:07:10'),
(169, 'Paula', 'Turcotte', 43, 20674744, 'hintz.lora@example.com', '2007-05-11 00:40:36', '1973-05-18 04:39:41'),
(170, 'Rafael', 'Anderson', 73, 150279671, 'madge.schaefer@example.org', '2001-03-28 06:28:45', '2001-09-16 16:40:22'),
(171, 'Ryley', 'Hauck', 1, 5544, 'muller.anita@example.org', '1985-03-02 22:46:06', '2012-03-15 10:55:55'),
(172, 'Kenna', 'Kunde', 1, 7114, 'willie.hauck@example.org', '2012-08-19 13:36:08', '1987-11-30 04:14:41'),
(173, 'Branson', 'Tromp', 0, 589, 'sluettgen@example.org', '1989-08-22 07:31:58', '2003-07-27 09:34:34'),
(174, 'Jay', 'Blick', 10547, 62, 'demario.lueilwitz@example.org', '1992-01-19 10:35:43', '1974-06-08 10:01:21'),
(175, 'Hannah', 'Bayer', 739, 950, 'ernie.klocko@example.net', '1981-09-23 12:50:12', '1984-10-31 15:05:00'),
(176, 'Kaia', 'O\'Connell', 1, 51348, 'juliet.hayes@example.net', '2011-12-08 03:03:33', '2011-04-14 19:04:50'),
(177, 'Selena', 'Kozey', 0, 39, 'grady.ezekiel@example.org', '1984-09-21 11:35:42', '1987-09-06 14:32:20'),
(178, 'Jules', 'Oberbrunner', 342, 251581125, 'tyshawn.collier@example.com', '2002-05-20 09:55:01', '1999-10-09 19:15:37'),
(179, 'Carmelo', 'Ruecker', 837, 1, 'garrison01@example.org', '1970-08-22 00:15:04', '1983-11-25 07:49:28'),
(180, 'Daniella', 'Kuhic', 8388607, 23396248, 'beahan.rodger@example.com', '1995-05-27 01:26:45', '1984-09-03 18:16:33'),
(181, 'Fernando', 'Weissnat', 0, 1, 'reyna75@example.com', '1972-08-12 16:27:15', '1993-09-16 13:28:19'),
(182, 'Wava', 'Olson', 779480, 0, 'zgreenholt@example.org', '2019-04-08 23:44:55', '2011-05-04 02:35:09'),
(183, 'Ellsworth', 'Botsford', 1, 755475, 'devan.predovic@example.net', '1976-08-29 13:38:00', '1979-05-09 09:54:06'),
(184, 'Sandra', 'Schoen', 53, 7, 'gutkowski.dominique@example.net', '1974-06-10 00:07:07', '1976-01-07 23:38:06'),
(185, 'Sasha', 'Orn', 53, 450, 'gkling@example.org', '1987-04-03 10:24:06', '1999-04-10 06:11:36'),
(186, 'Bernie', 'Hackett', 8388607, 587904909, 'olson.mollie@example.org', '2007-06-08 03:01:49', '2004-01-18 12:38:40'),
(187, 'Kaitlyn', 'Beatty', 208571, 95396, 'mabernathy@example.net', '2014-01-21 15:52:36', '2012-04-02 19:25:46'),
(188, 'Clovis', 'McLaughlin', 0, 905050394, 'will.graham@example.org', '1999-09-27 12:28:54', '1999-07-05 13:19:46'),
(189, 'Isadore', 'Anderson', 253, 84282, 'grayson.schroeder@example.org', '1978-08-12 11:53:21', '1990-04-12 01:58:02'),
(190, 'Lilliana', 'Waters', 1, 42420562, 'elbert55@example.com', '2001-07-07 06:09:31', '2009-12-15 11:49:50'),
(191, 'Aaron', 'Witting', 237, 2350897, 'shields.anita@example.org', '1971-03-11 19:13:24', '1973-11-29 07:34:49'),
(192, 'Walter', 'Konopelski', 436, 8072, 'enoch79@example.org', '2015-03-09 09:42:34', '1974-03-07 13:52:50'),
(193, 'Oswald', 'Witting', 1, 231260, 'jennifer.bergnaum@example.net', '1995-12-01 05:35:59', '2007-09-14 15:09:50'),
(194, 'Elenora', 'Kerluke', 689427, 6553612, 'kayla.keebler@example.com', '1970-09-20 09:41:30', '1991-06-26 02:22:19'),
(195, 'Roderick', 'Bartell', 94, 48342632, 'mweissnat@example.org', '1976-09-17 07:03:12', '2003-06-29 03:49:50'),
(196, 'Alexa', 'Beer', 504, 0, 'ibayer@example.org', '1996-02-15 17:28:21', '2003-03-21 17:58:59'),
(197, 'Jackeline', 'Fisher', 1, 9, 'eloisa68@example.org', '2011-01-26 15:47:54', '2017-08-01 20:47:31'),
(198, 'Kristian', 'Hartmann', 726, 314, 'mabelle.williamson@example.com', '2018-06-02 11:33:41', '1986-11-10 05:22:09'),
(199, 'Kay', 'Thompson', 69, 985337, 'israel.nicolas@example.org', '1984-04-21 03:37:13', '1982-07-12 21:02:56'),
(200, 'Johanna', 'Hermann', 8388607, 97690, 'sbeier@example.net', '1973-04-13 04:06:13', '2018-03-30 15:38:43'),
(201, 'Loren', 'Buckridge', 1, 0, 'melvin.olson@example.net', '2019-07-19 10:31:31', '1978-09-29 15:37:43'),
(202, 'Roxane', 'McCullough', 1, 32946141, 'schultz.marge@example.org', '2013-04-04 22:00:51', '1986-04-15 01:04:27'),
(203, 'Christy', 'Russel', 0, 593151, 'nshanahan@example.com', '1974-01-24 14:09:55', '2014-08-19 11:14:06'),
(204, 'Margaretta', 'Gislason', 581412, 8000939, 'macey39@example.org', '1997-04-15 07:27:24', '2015-07-21 00:45:30'),
(205, 'Genesis', 'Predovic', 1, 2, 'martina.kutch@example.org', '1979-10-30 20:21:58', '1973-06-01 02:50:29'),
(206, 'Bella', 'Runte', 0, 65632, 'eklocko@example.org', '2012-10-24 14:40:20', '1998-11-04 04:18:18'),
(207, 'Marion', 'Cronin', 0, 995496090, 'daniela.harber@example.org', '1977-05-30 13:06:30', '2012-01-09 12:06:23'),
(208, 'Adolfo', 'Gislason', 361580, 3027, 'knolan@example.com', '1970-11-14 14:38:19', '1997-02-02 00:57:15'),
(209, 'Nina', 'Bernhard', 0, 9835, 'treva33@example.org', '1976-07-05 03:07:39', '2011-11-28 10:01:53'),
(210, 'Merl', 'Schneider', 948, 393, 'rene47@example.com', '1997-10-23 18:34:03', '2015-08-03 07:26:22'),
(211, 'Alvina', 'Witting', 0, 61149335, 'htowne@example.org', '2009-07-11 01:59:26', '2007-03-04 01:33:16'),
(212, 'Andrew', 'Prosacco', 272, 4113915, 'abigail.thompson@example.net', '2019-04-12 03:23:52', '2006-10-11 17:22:33'),
(213, 'Easton', 'Collins', 0, 40636346, 'tyler12@example.net', '1970-09-25 09:49:36', '2017-04-15 02:45:21'),
(214, 'Rylan', 'Bechtelar', 386166, 428406, 'annalise.kuhic@example.org', '1986-10-19 01:13:26', '1981-08-13 22:46:09'),
(215, 'Furman', 'Reichert', 693196, 34788, 'scotty.bednar@example.net', '1975-10-23 12:09:16', '1991-06-27 02:36:15'),
(216, 'Kyler', 'Metz', 532780, 2553960, 'jarmstrong@example.com', '1971-06-05 17:47:59', '1988-01-01 13:03:28'),
(217, 'Chad', 'Mitchell', 8388607, 0, 'kelsie34@example.org', '1976-03-14 12:14:32', '1992-08-09 18:53:40'),
(218, 'Gayle', 'Kling', 195260, 292877117, 'xjohns@example.net', '2000-12-11 20:56:08', '2004-03-08 22:29:09'),
(219, 'Jaron', 'Kautzer', 1, 96980819, 'kub.carleton@example.com', '1976-06-03 05:39:25', '1978-11-18 18:58:32'),
(220, 'Hudson', 'Spinka', 859439, 8748742, 'lueilwitz.ardith@example.org', '2010-02-13 15:20:18', '1990-08-09 11:04:10'),
(221, 'Adrain', 'O\'Kon', 624, 324063, 'lizzie.dickens@example.com', '1977-05-09 08:41:58', '1986-10-17 12:05:21'),
(222, 'Orland', 'Kerluke', 0, 0, 'meggie.rath@example.org', '2000-06-19 05:13:50', '1990-08-26 17:58:29'),
(223, 'Kenna', 'Ritchie', 84883, 33, 'heaney.precious@example.com', '1970-05-12 10:59:47', '1993-11-05 12:07:05'),
(224, 'Raleigh', 'Strosin', 405, 375, 'molly.eichmann@example.net', '1985-06-18 18:10:41', '1970-01-05 00:59:34'),
(225, 'Leanna', 'Wehner', 599201, 786, 'marietta55@example.com', '1989-04-30 17:23:04', '1973-11-14 16:20:28'),
(226, 'Delpha', 'Waters', 1, 669624, 'vance.hermiston@example.com', '2015-06-26 20:28:06', '1976-05-16 16:20:43'),
(227, 'Lamar', 'Hegmann', 1, 2655, 'pierce77@example.com', '1988-11-04 07:39:07', '1989-03-05 21:09:04'),
(228, 'Cleora', 'Kuhn', 0, 91, 'udenesik@example.net', '1974-11-03 01:08:23', '1999-10-31 09:47:34'),
(229, 'Faustino', 'Cummerata', 41, 0, 'lang.abbey@example.com', '1996-11-10 08:00:40', '2001-01-30 06:35:04'),
(230, 'Randall', 'Lindgren', 0, 711974, 'scottie37@example.org', '1979-01-26 12:46:19', '2008-06-23 17:00:22'),
(231, 'Courtney', 'Dach', 1, 10483, 'astrid.marvin@example.net', '2013-03-06 06:09:01', '2001-06-18 19:27:21'),
(232, 'Yvette', 'Kuvalis', 1, 71, 'cartwright.conrad@example.com', '2003-05-24 07:53:55', '1974-08-06 03:43:20'),
(233, 'Timothy', 'Crooks', 0, 0, 'zgraham@example.com', '2001-06-23 05:54:45', '1996-04-25 06:30:16'),
(234, 'Marianne', 'Sauer', 357139, 831257427, 'zkassulke@example.com', '1977-08-15 15:56:28', '2008-03-13 14:39:11'),
(235, 'Ova', 'Langworth', 175876, 5573, 'allan58@example.com', '2008-02-02 11:20:57', '1985-05-06 17:08:42'),
(236, 'Laisha', 'Abshire', 250, 483766462, 'mante.maxie@example.com', '2001-03-24 22:10:54', '1975-01-30 23:55:51'),
(237, 'Vito', 'Okuneva', 1, 75789, 'mckenzie.matt@example.net', '1985-04-26 13:05:13', '2013-04-01 21:19:30'),
(238, 'Alva', 'Fadel', 270, 127034, 'bdurgan@example.com', '2010-01-28 09:28:56', '1998-02-13 18:52:37'),
(239, 'Trace', 'Pfeffer', 801275, 769, 'effertz.avery@example.org', '1984-02-24 10:15:24', '2003-04-13 12:28:48'),
(240, 'Alicia', 'Terry', 978, 799, 'lionel28@example.org', '1984-03-29 08:19:35', '1987-06-23 01:30:32'),
(241, 'Erica', 'Crona', 769, 61365, 'brown.tia@example.net', '1988-05-29 14:29:06', '1993-05-29 10:11:29'),
(242, 'Salvador', 'McCullough', 1, 2542, 'chase.vandervort@example.com', '2006-10-15 02:00:02', '2007-01-29 17:37:43'),
(243, 'Kacey', 'Wintheiser', 523, 358980, 'egoldner@example.com', '1972-08-31 01:08:19', '2005-08-29 08:19:09'),
(244, 'Bernita', 'Brekke', 461917, 483, 'norbert10@example.org', '1973-10-01 17:27:30', '2001-07-17 11:34:49'),
(245, 'Odie', 'Kub', 861002, 4241122, 'crooks.marcella@example.org', '1972-07-01 23:52:02', '1995-08-26 16:55:28'),
(246, 'Oma', 'Abshire', 0, 0, 'iliana.bosco@example.com', '1971-09-29 12:12:25', '1979-05-18 08:23:58'),
(247, 'Leann', 'Emmerich', 910438, 192059, 'bergstrom.jena@example.net', '2010-03-13 15:07:27', '2014-09-19 19:42:49'),
(248, 'Geovany', 'Mills', 188661, 7912, 'bklein@example.com', '2014-12-26 11:11:45', '1980-08-18 16:48:17'),
(249, 'Isom', 'Jenkins', 321, 3486, 'dalton05@example.org', '2003-06-03 17:56:07', '1978-09-12 02:51:57'),
(250, 'Dock', 'Borer', 1, 94475726, 'keenan91@example.net', '1982-06-23 21:15:13', '1992-11-18 16:06:39'),
(251, 'Iva', 'Lind', 0, 65710, 'bria.lakin@example.org', '1994-11-25 20:14:22', '1977-05-19 08:55:21'),
(252, 'Eryn', 'Heaney', 19, 847081, 'kimberly.doyle@example.com', '1995-03-19 22:40:09', '1987-09-13 19:40:03'),
(253, 'Kody', 'Schiller', 622, 98637, 'chackett@example.com', '2017-09-28 00:16:07', '1995-06-11 06:29:06'),
(254, 'Camille', 'Feil', 0, 357677, 'cgraham@example.org', '1978-12-19 13:51:42', '2011-09-04 00:12:23'),
(255, 'Bridget', 'Hartmann', 1, 89018, 'bosco.meagan@example.org', '2003-02-01 18:30:22', '2010-12-11 16:47:25'),
(256, 'Patrick', 'Goldner', 0, 0, 'rau.golda@example.net', '1972-03-22 02:24:22', '2019-05-30 07:07:18'),
(257, 'Serena', 'Walsh', 1, 4219, 'gayle93@example.org', '1994-06-02 13:03:00', '1982-12-28 09:55:43'),
(258, 'Ryley', 'Heidenreich', 0, 6047, 'alberto.quigley@example.net', '1981-05-23 19:40:32', '2017-01-07 15:28:51'),
(259, 'Noel', 'Funk', 0, 190295204, 'electa45@example.com', '1999-10-16 16:21:04', '1998-01-24 19:28:33'),
(260, 'Chaya', 'Raynor', 0, 613, 'waelchi.noelia@example.net', '2009-07-05 17:58:27', '1996-05-24 19:26:10'),
(261, 'Jermain', 'Buckridge', 0, 76, 'burnice18@example.net', '2017-01-12 03:37:01', '1970-11-25 00:38:57'),
(262, 'Isaiah', 'Cruickshank', 296, 9573, 'veum.earnest@example.net', '1972-09-15 13:43:04', '2012-01-14 08:14:26'),
(263, 'Claudie', 'Spinka', 39, 3055047, 'akautzer@example.net', '2008-03-14 06:12:59', '2002-09-17 02:50:24'),
(264, 'Travis', 'Lindgren', 1, 7829021, 'alta.hoppe@example.org', '1997-09-20 21:20:43', '2012-02-02 02:11:37'),
(265, 'Malachi', 'Willms', 335, 83762, 'joshuah64@example.net', '2013-05-26 00:52:31', '1987-05-21 20:36:33'),
(266, 'Yasmeen', 'Kuhic', 0, 729273, 'rrutherford@example.com', '1990-01-28 05:54:44', '2019-05-19 08:21:58'),
(267, 'Araceli', 'Parisian', 7, 66822, 'deja19@example.com', '2009-12-27 02:39:28', '1982-11-19 09:18:16'),
(268, 'Dedric', 'Howe', 95, 0, 'edgardo64@example.com', '2006-07-30 17:32:47', '2004-11-23 04:31:08'),
(269, 'Buster', 'Lubowitz', 1, 0, 'orn.eino@example.org', '1978-02-21 17:10:07', '2018-12-03 15:13:12'),
(270, 'Chet', 'Heathcote', 256235, 913895666, 'zgleason@example.org', '2009-05-17 13:18:19', '2001-05-15 20:51:30'),
(271, 'Fredy', 'Olson', 996411, 0, 'fgoldner@example.org', '1991-05-25 22:32:36', '1995-10-23 16:41:47'),
(272, 'Frieda', 'Johnston', 1, 647, 'erobel@example.org', '2005-06-21 04:21:38', '1974-11-16 06:27:42'),
(273, 'Rashawn', 'Wisoky', 914, 0, 'morar.clair@example.net', '2004-08-01 23:40:58', '1981-05-11 15:39:02'),
(274, 'Mariano', 'Hermiston', 353, 52540620, 'vincenza26@example.net', '1974-07-20 20:14:15', '1987-08-24 16:10:33'),
(275, 'Joe', 'Becker', 924, 25529, 'iprosacco@example.org', '1990-02-21 19:33:01', '2013-01-21 02:24:41'),
(276, 'Aurelia', 'Morar', 628, 3517795, 'claud30@example.org', '2008-06-11 10:52:17', '2004-06-14 11:17:58'),
(277, 'Pauline', 'Roob', 0, 2779, 'emilio94@example.com', '1993-12-29 18:47:52', '2000-08-07 00:58:20'),
(278, 'Muriel', 'Tillman', 504685, 3766, 'lesch.triston@example.com', '2006-10-19 14:20:01', '2017-04-24 16:10:20'),
(279, 'Jordy', 'Mante', 0, 0, 'leonard04@example.org', '2017-11-04 20:13:44', '2000-04-20 17:38:40'),
(280, 'Coy', 'Schowalter', 8388607, 19, 'lowe.karson@example.net', '2002-11-11 14:45:34', '1982-10-22 12:18:20'),
(281, 'Marlen', 'Cummerata', 7, 3278, 'kirk27@example.com', '2003-04-22 12:16:22', '2009-09-03 08:09:21'),
(282, 'Zackary', 'Jacobi', 364491, 0, 'senger.claude@example.com', '2013-06-30 02:18:28', '1990-10-25 03:52:07'),
(283, 'Gerson', 'Veum', 0, 50, 'ischneider@example.org', '1999-03-12 06:19:19', '2012-01-27 19:41:06'),
(284, 'Emiliano', 'Bernhard', 493113, 0, 'fadel.jalyn@example.org', '2010-08-12 23:26:25', '1979-04-14 16:54:08'),
(285, 'Estella', 'Cummerata', 106163, 47824098, 'lang.cornell@example.org', '2008-09-23 02:25:01', '1993-08-24 12:12:25'),
(286, 'Zelma', 'Pacocha', 1, 2459, 'torphy.macey@example.org', '2000-02-28 05:31:46', '1974-03-17 22:18:37'),
(287, 'Randal', 'Kessler', 1, 9059, 'rau.alaina@example.com', '1980-09-08 04:16:15', '2011-04-04 18:16:36'),
(288, 'Nichole', 'Marquardt', 1, 4951105, 'quigley.emelie@example.com', '2018-08-28 18:23:15', '1977-11-01 07:27:03'),
(289, 'Cole', 'Harris', 8388607, 9, 'collier.candace@example.org', '1994-03-27 15:23:46', '1998-09-05 16:57:19'),
(290, 'Earnest', 'Waters', 82, 558458, 'kschulist@example.com', '1979-12-30 19:48:40', '1992-11-27 15:31:30'),
(291, 'Gianni', 'Kohler', 13, 11234700, 'bergnaum.einar@example.com', '1975-03-28 05:30:06', '2001-05-08 23:13:15'),
(292, 'Geo', 'Murazik', 983949, 281070320, 'cathy.friesen@example.org', '1976-08-25 02:13:51', '1990-06-03 10:57:36'),
(293, 'Baylee', 'Haag', 986412, 0, 'tierra.gorczany@example.com', '1987-07-06 19:42:12', '1983-11-13 20:54:19'),
(294, 'Kian', 'Crona', 82, 329899, 'shields.wilton@example.net', '2017-02-09 01:29:02', '2003-06-16 14:18:17'),
(295, 'Frederique', 'Willms', 1, 89, 'lkerluke@example.com', '1987-03-24 00:01:00', '2004-04-16 01:00:38'),
(296, 'Marcelino', 'Bins', 932540, 683561322, 'jaren.sporer@example.net', '1977-08-29 00:53:35', '2006-04-03 02:08:10'),
(297, 'Cesar', 'Cummerata', 767984, 538, 'reginald.streich@example.com', '1990-12-29 18:56:51', '1977-02-25 01:37:36'),
(298, 'Abdul', 'Boehm', 39, 17, 'atorp@example.net', '1977-07-04 18:00:25', '1987-10-06 04:10:19'),
(299, 'Dee', 'Stiedemann', 1, 3207, 'ewald55@example.net', '1997-12-16 14:40:16', '1974-12-07 15:11:33'),
(300, 'Zaria', 'Gutmann', 227, 9, 'marilou31@example.com', '1992-01-15 12:31:34', '2002-06-27 05:52:17'),
(301, 'Dawn', 'Harris', 982, 878047, 'jordyn.grady@example.org', '1994-06-12 02:44:18', '2013-10-09 19:41:01'),
(302, 'Green', 'Weimann', 350, 576608, 'deborah.mitchell@example.net', '2002-11-12 15:18:45', '1971-04-22 04:44:03'),
(303, 'Dedric', 'Schowalter', 423, 6456, 'domenick52@example.com', '2003-08-26 08:15:01', '2009-03-12 07:58:59'),
(304, 'Benny', 'Goyette', 1, 24, 'dstreich@example.org', '2009-03-24 17:01:11', '1992-05-20 17:56:36'),
(305, 'Tiffany', 'Kautzer', 41, 53025949, 'dweissnat@example.net', '2007-07-04 14:58:47', '2016-03-05 01:37:33'),
(306, 'Tia', 'Grant', 1, 9, 'rhodkiewicz@example.com', '1974-07-23 19:28:51', '2017-06-27 20:17:33'),
(307, 'Lawrence', 'Reilly', 952551, 7131673, 'aron.williamson@example.org', '2001-12-02 11:39:45', '1972-03-16 01:25:45'),
(308, 'Dolores', 'Little', 8388607, 4794, 'robyn.o\'keefe@example.com', '2018-12-26 06:42:35', '1976-05-02 15:14:28'),
(309, 'Lela', 'Lakin', 1, 46, 'alta.cruickshank@example.com', '1971-07-07 04:59:41', '1996-10-28 11:36:07'),
(310, 'Tiana', 'Hudson', 0, 850248596, 'ekoelpin@example.org', '1999-04-14 15:47:49', '2002-11-14 05:26:54'),
(311, 'Daniella', 'Hudson', 0, 9250, 'stella.deckow@example.net', '1996-03-26 17:31:24', '1989-06-17 01:03:21'),
(312, 'Alf', 'Breitenberg', 0, 81, 'hubert11@example.com', '1977-06-14 04:34:14', '2013-08-14 00:51:16'),
(313, 'Kennedy', 'Russel', 1, 120379725, 'irippin@example.org', '1974-09-01 21:09:36', '1980-12-28 11:43:59'),
(314, 'David', 'Altenwerth', 8388607, 158, 'fay.devin@example.org', '1978-04-01 19:21:37', '2009-05-05 08:07:12'),
(315, 'Reba', 'Cormier', 0, 856, 'bettie88@example.org', '2011-05-26 00:41:30', '1996-08-21 11:09:39'),
(316, 'Leola', 'Robel', 0, 5474, 'bradtke.frederique@example.net', '2010-06-22 09:11:44', '2015-12-29 03:09:43'),
(317, 'Shyann', 'Hartmann', 1, 6215506, 'pablo.watsica@example.com', '1990-11-04 12:00:31', '1985-11-19 16:59:20'),
(318, 'Adah', 'White', 8388607, 90, 'harris.arianna@example.net', '2018-11-29 09:05:06', '1977-02-13 18:31:14'),
(319, 'Herta', 'Thiel', 299, 4860, 'nathan.pagac@example.org', '1995-02-04 16:30:07', '1990-12-08 03:20:22'),
(320, 'Hayley', 'Lubowitz', 157369, 418989166, 'tmacejkovic@example.com', '2010-02-06 16:04:00', '1983-02-28 06:46:16'),
(321, 'Patsy', 'Hamill', 1, 0, 'marilou56@example.net', '1991-12-12 14:58:43', '2013-07-16 20:29:37'),
(322, 'Gerry', 'Funk', 874, 12, 'legros.jo@example.net', '2010-02-25 12:51:15', '1974-05-19 21:01:50'),
(323, 'Retta', 'McClure', 1, 80813316, 'cristian43@example.org', '1973-05-07 20:44:45', '2006-07-22 18:57:24'),
(324, 'Demond', 'Russel', 575, 413574585, 'millie.mcdermott@example.org', '1996-11-02 14:07:29', '2008-06-02 09:23:53'),
(325, 'Larissa', 'Sanford', 0, 16, 'ccarroll@example.com', '2004-08-30 01:00:58', '1988-03-17 02:07:34'),
(326, 'Casimir', 'Nicolas', 769803, 0, 'rocky82@example.com', '1986-02-17 06:36:10', '1982-01-21 04:02:37'),
(327, 'Evans', 'Mills', 925, 20450311, 'cronin.izaiah@example.org', '1986-05-18 17:42:46', '2004-08-30 23:02:27'),
(328, 'Clement', 'Larkin', 8388607, 191683, 'breitenberg.jeanne@example.org', '2006-11-12 10:01:39', '2019-06-17 04:47:15'),
(329, 'Rebeka', 'O\'Connell', 38, 6, 'raynor.harrison@example.org', '2018-06-15 12:36:54', '1977-12-03 03:13:36'),
(330, 'Darrel', 'Conn', 0, 0, 'troy06@example.org', '2014-11-15 00:02:00', '1998-06-23 06:46:53'),
(331, 'Brooklyn', 'D\'Amore', 394, 0, 'pdickinson@example.org', '1984-07-03 02:35:55', '2008-06-17 07:54:44'),
(332, 'Freeda', 'Treutel', 0, 110, 'vbogisich@example.org', '2004-04-23 20:16:54', '1972-04-14 15:35:32'),
(333, 'Greg', 'Glover', 0, 60827, 'grimes.adan@example.net', '1985-04-18 07:59:15', '1986-09-28 09:52:00'),
(334, 'Amya', 'Jacobson', 0, 6839530, 'camille08@example.org', '2000-03-31 06:19:15', '1994-03-10 18:17:29'),
(335, 'Randi', 'Dibbert', 526048, 88001, 'gpagac@example.com', '1970-02-05 00:52:48', '1984-03-19 13:11:29'),
(336, 'Krista', 'Hudson', 748611, 295423, 'usipes@example.org', '2011-06-12 19:40:43', '1974-09-25 02:48:15'),
(337, 'Katelyn', 'Muller', 14, 0, 'bednar.janis@example.com', '2008-03-05 05:21:16', '1972-02-11 01:02:05'),
(338, 'Cloyd', 'Batz', 1, 62, 'aglae47@example.com', '1972-08-01 19:27:22', '2007-11-12 05:53:02'),
(339, 'Zena', 'West', 1, 832767946, 'florida.bosco@example.net', '2013-10-30 17:52:57', '2017-12-26 07:23:38'),
(340, 'Marilyne', 'Schimmel', 694432, 3937, 'schneider.lura@example.com', '1972-05-19 13:58:32', '1997-07-14 04:12:24'),
(341, 'Jaunita', 'Bashirian', 0, 9335, 'eloise73@example.com', '1998-01-08 11:08:06', '2011-11-13 11:12:23'),
(342, 'Ila', 'Hand', 0, 1017138, 'schulist.arjun@example.net', '2010-03-23 01:43:40', '1998-09-27 21:15:17'),
(343, 'Devyn', 'Ullrich', 8388607, 210869937, 'marilyne46@example.org', '1992-09-29 16:57:51', '1984-08-18 23:13:27'),
(344, 'Elvis', 'Armstrong', 914408, 866947, 'lschamberger@example.com', '1994-11-28 21:14:33', '2010-01-13 00:47:29'),
(345, 'Dennis', 'Schroeder', 194, 17947841, 'denesik.norbert@example.org', '1992-02-20 00:36:34', '1993-07-27 07:08:22'),
(346, 'Stone', 'Schinner', 556163, 86873, 'nmorar@example.net', '2014-04-08 18:20:35', '2000-07-07 17:20:59'),
(347, 'Herta', 'Howell', 170869, 0, 'kolby09@example.com', '1979-07-05 09:48:54', '1992-08-02 15:23:53'),
(348, 'Trinity', 'Heaney', 0, 0, 'anibal46@example.com', '2016-05-24 12:58:36', '2012-10-07 18:55:07'),
(349, 'Damien', 'Berge', 0, 3078278, 'zella.wehner@example.net', '1992-02-05 15:20:23', '1975-07-10 07:36:10'),
(350, 'Lemuel', 'Douglas', 8388607, 2351, 'aaron.dickens@example.com', '2013-03-09 04:33:56', '1995-05-13 13:54:44'),
(351, 'Baby', 'Murphy', 981473, 1, 'denis.schamberger@example.net', '2010-12-26 06:46:27', '1976-03-20 12:04:22'),
(352, 'Jaren', 'Wolff', 1, 8, 'lschaefer@example.net', '1979-10-29 17:20:57', '1991-12-02 05:54:27'),
(353, 'Giovanni', 'Daugherty', 0, 5812, 'jasen.stracke@example.net', '2010-02-20 14:47:13', '2011-05-18 19:00:58'),
(354, 'Makenna', 'Reichel', 723, 0, 'cielo17@example.com', '1972-03-06 10:10:02', '1997-05-17 16:41:23'),
(355, 'Oma', 'Smith', 429, 672123, 'wisozk.lorenzo@example.net', '1978-07-17 23:22:09', '2016-01-30 20:35:13'),
(356, 'Ewell', 'Lehner', 1, 7449, 'hodkiewicz.brett@example.com', '1982-08-10 00:17:34', '1976-08-09 14:27:50'),
(357, 'Bianka', 'Ortiz', 1, 1537, 'zboncak.pansy@example.com', '2008-09-13 19:35:32', '2011-09-07 03:36:29'),
(358, 'Cesar', 'Sipes', 945745, 212, 'thompson.kenneth@example.com', '1972-07-17 05:22:30', '1992-06-28 15:59:48'),
(359, 'Jamaal', 'Sawayn', 838, 8, 'sylvester28@example.org', '2004-02-01 21:01:10', '2013-11-27 23:27:52'),
(360, 'Isac', 'Bode', 319287, 0, 'jonatan.blanda@example.org', '1974-03-08 10:54:06', '1993-09-24 10:52:53'),
(361, 'Adolf', 'Quigley', 833905, 145, 'kkovacek@example.org', '2015-04-20 01:58:34', '2017-11-21 13:15:55'),
(362, 'Opal', 'Tremblay', 81825, 72, 'ashly.ratke@example.net', '1997-11-19 00:27:00', '1979-06-21 11:09:12'),
(363, 'Annie', 'Bradtke', 727403, 6644454, 'dallin.mills@example.com', '2000-06-24 08:00:49', '2014-01-28 13:06:55'),
(364, 'Mozelle', 'Bernier', 1, 26855497, 'micah89@example.org', '2010-02-08 09:09:49', '2002-12-19 03:28:46'),
(365, 'Paris', 'Emmerich', 1, 1, 'lane71@example.org', '1993-01-19 16:51:04', '1976-08-05 16:06:31'),
(366, 'Anika', 'Turner', 8388607, 7302, 'camilla12@example.net', '1985-06-10 16:50:43', '1982-11-12 18:18:02'),
(367, 'Tyreek', 'Douglas', 7, 43164079, 'britney.baumbach@example.org', '2002-12-14 18:11:53', '1977-01-24 07:43:06'),
(368, 'Randall', 'Ritchie', 618, 0, 'judd63@example.org', '1975-05-28 23:59:52', '2013-02-06 19:15:47'),
(369, 'Gail', 'VonRueden', 1, 41879217, 'garnet.bernhard@example.net', '1970-04-13 00:22:31', '1991-07-03 00:31:27'),
(370, 'Albin', 'Cruickshank', 418, 23721881, 'casimir12@example.net', '1974-09-10 07:36:32', '1988-12-10 12:21:51'),
(371, 'Colleen', 'Corwin', 910204, 131813, 'maximo85@example.net', '2010-04-15 01:23:42', '1998-07-20 01:16:38'),
(372, 'Petra', 'Hilll', 24, 5298, 'dickinson.jedidiah@example.net', '1979-02-23 05:50:12', '1986-06-24 06:30:41'),
(373, 'Herminia', 'Flatley', 805, 40056207, 'gabe.brakus@example.com', '1970-01-16 18:46:05', '1998-07-17 20:36:29'),
(374, 'Herman', 'Collins', 523, 1370, 'ashton41@example.com', '1986-10-27 23:04:52', '2015-11-08 07:59:34'),
(375, 'Roderick', 'Emmerich', 0, 8689, 'deshaun.kertzmann@example.com', '1973-06-28 22:53:00', '1983-08-29 02:42:44'),
(376, 'Charity', 'Wisozk', 1, 51813, 'gracie31@example.org', '1990-09-05 01:12:11', '1999-11-01 23:10:16'),
(377, 'Piper', 'Cole', 67908, 993, 'rashad96@example.org', '1980-04-21 05:20:40', '2010-10-22 07:05:03'),
(378, 'Clint', 'Jacobs', 106, 7289, 'reynolds.lavonne@example.net', '1995-04-12 21:47:41', '2017-12-29 20:07:08'),
(379, 'Francisco', 'Wilkinson', 1, 62994, 'daugherty.aisha@example.net', '2004-02-15 14:33:37', '2019-02-26 16:16:58'),
(380, 'Hortense', 'Berge', 0, 5656090, 'corkery.kali@example.org', '1983-03-29 18:59:30', '1982-05-25 01:45:05'),
(381, 'Dorian', 'Mosciski', 424, 359402107, 'rcormier@example.net', '2000-11-01 17:30:18', '1993-12-16 17:46:36'),
(382, 'Rene', 'Hand', 17, 8231, 'hgoldner@example.org', '1977-12-10 15:12:50', '2012-04-26 13:20:03'),
(383, 'Brielle', 'Muller', 970338, 6, 'allie.gottlieb@example.com', '1998-07-05 08:36:52', '1989-08-22 23:31:16'),
(384, 'Flavio', 'Kuvalis', 36, 0, 'ara98@example.com', '1986-03-15 00:38:44', '1990-01-28 03:59:25'),
(385, 'Judson', 'Hudson', 81, 1900426, 'metz.alysa@example.com', '1978-09-07 19:28:49', '2000-05-28 20:43:52'),
(386, 'Hailee', 'Emmerich', 1, 406795, 'angelo72@example.net', '1975-04-16 10:23:02', '2010-06-04 14:23:16'),
(387, 'Jacquelyn', 'Hirthe', 610, 921765, 'macejkovic.elmira@example.net', '2017-10-16 13:33:58', '2015-12-21 04:35:50'),
(388, 'Savannah', 'Hickle', 8388607, 66430, 'schultz.reilly@example.net', '2003-04-18 10:34:53', '1979-10-07 07:00:43'),
(389, 'Heber', 'Stamm', 745573, 408614, 'hector95@example.org', '2018-09-30 16:17:41', '1970-10-06 14:09:28'),
(390, 'Augustine', 'Kohler', 1, 83317, 'mozelle.conn@example.net', '2013-07-19 11:36:55', '2018-10-25 15:31:08'),
(391, 'Caitlyn', 'Cartwright', 1, 2365, 'einar.lind@example.org', '1974-09-03 01:12:34', '1982-09-02 14:34:56'),
(392, 'Rex', 'Price', 1, 557, 'kunze.cyrus@example.com', '1984-09-02 03:20:28', '2004-10-12 01:29:24'),
(393, 'Aurelie', 'Hartmann', 789857, 161778, 'crist.isidro@example.org', '1989-05-13 19:23:53', '2015-11-18 23:08:07'),
(394, 'Jedidiah', 'Schiller', 311430, 13492132, 'rdeckow@example.com', '2002-06-21 05:00:39', '2012-08-21 10:01:00'),
(395, 'Roxane', 'Senger', 0, 15719, 'psatterfield@example.com', '1986-07-28 20:10:41', '2010-05-05 22:03:39'),
(396, 'Beth', 'Pollich', 0, 0, 'jimmie96@example.org', '2000-08-07 01:33:15', '2001-01-30 08:25:48'),
(397, 'Hudson', 'Upton', 15, 7052223, 'bzieme@example.org', '2016-11-30 04:33:36', '2016-09-24 13:02:27'),
(398, 'Dayana', 'Ryan', 0, 265, 'alvena08@example.com', '1992-08-09 21:31:18', '1997-09-22 17:05:43'),
(399, 'Alyce', 'Wolff', 1, 632307, 'rafaela.kris@example.com', '1974-10-13 04:52:45', '1998-04-19 11:36:25'),
(400, 'Brady', 'Harris', 607, 0, 'izaiah.ryan@example.com', '2012-12-06 17:47:16', '1996-09-10 12:41:16'),
(401, 'Nannie', 'Abshire', 934, 0, 'nienow.ruby@example.org', '2012-12-07 06:34:41', '1974-10-28 08:04:19'),
(402, 'Jaqueline', 'Parisian', 879, 287, 'ktrantow@example.com', '2014-12-31 02:08:38', '2008-07-27 10:23:43'),
(403, 'Antwon', 'Strosin', 374606, 51874361, 'hellen78@example.com', '1986-06-25 11:13:16', '1983-05-24 03:14:52'),
(404, 'Velda', 'Waters', 1, 97039218, 'oweber@example.org', '1989-02-28 06:18:54', '2005-03-27 18:02:03'),
(405, 'Jeramie', 'Green', 0, 64127877, 'haley.marcia@example.org', '1987-04-11 11:10:24', '1985-04-30 03:55:53'),
(406, 'Daren', 'Runte', 1, 2600593, 'zankunding@example.com', '2001-01-18 09:11:33', '1997-04-21 03:15:23'),
(407, 'Destany', 'Thompson', 573189, 3690066, 'christelle98@example.net', '1979-02-03 03:01:42', '1972-03-22 00:26:43'),
(408, 'Fatima', 'Beier', 8388607, 9211407, 'hansen.ransom@example.net', '2011-07-02 09:20:41', '1983-07-16 21:27:19'),
(409, 'Hailey', 'Skiles', 848, 86, 'opurdy@example.com', '1999-11-11 07:03:00', '2010-04-18 11:53:32'),
(410, 'Faustino', 'Friesen', 1, 738, 'tyrel.hane@example.org', '2018-06-06 17:33:09', '2015-02-02 11:45:09'),
(411, 'Maryam', 'Emmerich', 1, 87432059, 'clare19@example.net', '2019-05-20 01:22:12', '2009-12-08 22:24:34'),
(412, 'Fae', 'Bradtke', 23579, 943977400, 'tiara98@example.net', '2010-04-28 17:21:52', '2015-10-04 13:28:45'),
(413, 'Tavares', 'Hermann', 287, 2897883, 'anya57@example.com', '2016-10-24 20:35:45', '2014-03-18 00:26:52'),
(414, 'Elbert', 'Welch', 0, 5, 'marcus92@example.org', '2001-10-21 20:03:00', '2015-08-13 16:47:48'),
(415, 'Josh', 'Beahan', 1, 69, 'mcclure.willie@example.net', '1978-12-14 21:21:54', '1997-08-12 23:57:46'),
(416, 'Jack', 'Reilly', 1, 925, 'kory.hackett@example.net', '1985-02-21 23:31:44', '1995-03-29 21:28:45'),
(417, 'Brianne', 'Orn', 0, 46927701, 'bergstrom.carmela@example.org', '2018-12-12 10:51:46', '2015-04-08 00:36:16'),
(418, 'Ronaldo', 'Douglas', 9, 7, 'brandyn81@example.org', '2008-10-27 08:13:24', '1987-02-22 19:22:25'),
(419, 'Jammie', 'Carter', 8388607, 0, 'griffin.torphy@example.com', '1983-05-08 06:29:08', '2005-12-09 08:06:39'),
(420, 'Trycia', 'Schneider', 0, 70, 'rosemary.yost@example.org', '2009-05-25 19:00:42', '1994-05-18 18:18:50'),
(421, 'Annie', 'Blick', 280369, 6038008, 'pascale.bergnaum@example.com', '2007-03-27 17:09:10', '2019-01-10 19:56:54'),
(422, 'Melba', 'Simonis', 1, 6, 'ed74@example.com', '2004-02-09 16:15:25', '1990-02-07 20:30:17'),
(423, 'Lindsay', 'Turner', 648776, 664089, 'sstoltenberg@example.org', '1990-05-16 11:48:22', '2016-05-30 20:34:25'),
(424, 'Julius', 'Kreiger', 0, 8, 'qjohnson@example.net', '2010-07-21 14:02:46', '1970-10-27 11:22:17'),
(425, 'Meredith', 'O\'Keefe', 1, 2706, 'vmuller@example.net', '1984-07-20 08:10:47', '1991-04-20 18:16:14'),
(426, 'Savanna', 'Greenfelder', 330594, 0, 'shakira.schamberger@example.net', '1988-06-02 09:58:28', '2015-05-15 16:11:55'),
(427, 'Alexane', 'Hills', 555516, 3215, 'dryan@example.org', '1976-10-07 11:12:54', '2010-06-02 20:01:29'),
(428, 'Ocie', 'Carter', 1, 692653, 'lubowitz.alda@example.org', '1979-04-06 12:30:32', '2008-12-29 07:11:49'),
(429, 'Jarrell', 'Haley', 368, 26806353, 'ritchie.keagan@example.com', '2006-01-13 09:01:58', '1976-09-29 07:14:33'),
(430, 'Alphonso', 'Hills', 519, 2692736, 'buck.hilpert@example.net', '1981-02-04 22:02:27', '2010-10-20 08:43:57'),
(431, 'Ozella', 'Hintz', 0, 71, 'pete.ortiz@example.net', '1995-04-09 11:11:04', '2004-09-02 00:06:57'),
(432, 'Mathilde', 'Beatty', 0, 0, 'kprosacco@example.com', '1992-03-17 10:25:10', '2007-02-13 09:20:57'),
(433, 'Edmund', 'Sauer', 1, 3, 'rolfson.taryn@example.org', '1989-01-24 07:10:09', '1984-09-02 04:12:04'),
(434, 'Mohammad', 'Toy', 0, 0, 'zita49@example.com', '1985-08-09 09:31:05', '2001-04-03 12:47:47'),
(435, 'Bernhard', 'Orn', 0, 3494333, 'nicolas.kale@example.org', '2000-02-28 16:46:06', '1996-09-01 14:21:50'),
(436, 'Ray', 'Lowe', 395263, 764791853, 'mariela.cruickshank@example.org', '1972-04-21 03:46:14', '1993-05-01 12:56:12'),
(437, 'Robbie', 'Dooley', 0, 485, 'lstehr@example.org', '1989-12-24 17:54:16', '1987-12-30 16:59:16'),
(438, 'Hubert', 'Kunde', 843208, 1172, 'cordelia85@example.org', '2007-07-27 13:19:11', '2007-07-15 23:40:38'),
(439, 'Bobby', 'Reilly', 0, 475, 'laurie.quitzon@example.org', '2006-12-11 20:47:54', '1980-03-28 16:45:18'),
(440, 'Rachael', 'Bartell', 81658, 790652, 'jones.hudson@example.com', '2014-02-12 00:20:34', '1981-01-11 08:53:07'),
(441, 'Elbert', 'Lakin', 726142, 921217944, 'gislason.yadira@example.org', '1986-08-02 00:22:59', '1992-09-12 14:04:00'),
(442, 'Amalia', 'Effertz', 1, 91924719, 'demetrius77@example.net', '2017-09-21 21:53:52', '1981-11-19 12:04:14'),
(443, 'Rachel', 'Herzog', 8388607, 5987238, 'sporer.danny@example.net', '2010-06-05 08:37:34', '2011-07-04 14:30:25'),
(444, 'Trenton', 'Franecki', 1, 33185511, 'pouros.norma@example.org', '1994-06-08 22:31:10', '1979-03-12 23:50:38'),
(445, 'Camryn', 'Lesch', 1, 957560, 'whitney56@example.net', '2000-10-07 01:01:06', '2003-04-30 21:15:04'),
(446, 'Garth', 'Moore', 632, 74, 'jacquelyn29@example.net', '2015-05-28 10:01:18', '1995-02-02 00:31:58'),
(447, 'Winfield', 'Reynolds', 1, 5317, 'brady34@example.com', '1970-05-08 01:42:14', '1993-12-05 18:33:46'),
(448, 'Kirsten', 'Beier', 323, 3123, 'gmurray@example.net', '1971-02-07 20:01:35', '1988-12-16 02:35:53'),
(449, 'Meda', 'Lueilwitz', 383, 6, 'makenna.hilpert@example.org', '1991-01-08 01:08:43', '2017-10-09 06:10:52'),
(450, 'Mable', 'Nikolaus', 379590, 20, 'bradtke.amina@example.com', '2001-02-07 20:10:42', '1993-06-06 10:31:58'),
(451, 'Adella', 'Heaney', 422, 7893, 'courtney79@example.com', '1993-10-15 15:58:44', '2002-07-17 15:52:53'),
(452, 'Duncan', 'Cruickshank', 540, 24, 'slowe@example.net', '1997-10-12 06:43:18', '1970-03-03 20:29:27'),
(453, 'Jaden', 'Buckridge', 1, 590, 'tconnelly@example.com', '2010-08-20 19:28:36', '2014-12-01 22:59:57'),
(454, 'Ella', 'Davis', 76, 91, 'theodora01@example.org', '1992-09-30 05:11:30', '2002-06-06 06:30:21'),
(455, 'Trycia', 'Champlin', 1, 77110, 'onie.olson@example.org', '1987-03-26 10:12:56', '2010-10-08 19:18:30'),
(456, 'Patrick', 'Hermann', 1, 9, 'tgreenfelder@example.net', '2000-02-28 20:53:07', '1971-04-02 00:34:17'),
(457, 'Layne', 'Gulgowski', 0, 47968680, 'ahalvorson@example.com', '1978-11-07 05:41:43', '1988-10-12 23:26:27');
INSERT INTO `clients` (`client_id`, `firstname`, `lastname`, `contact_no`, `age`, `email`, `created_at`, `updated_at`) VALUES
(458, 'Zakary', 'Sanford', 8388607, 35, 'brenda18@example.com', '2001-11-05 11:56:39', '1981-10-24 04:28:04'),
(459, 'Alfreda', 'Dach', 373700, 141815151, 'oral.hand@example.net', '2002-02-12 00:40:44', '1985-09-06 03:24:15'),
(460, 'Abbey', 'Feest', 904175, 78, 'hmayer@example.net', '1976-02-10 15:14:39', '1994-04-29 08:32:11'),
(461, 'Earnestine', 'Eichmann', 0, 474604870, 'go\'keefe@example.org', '1978-11-06 09:13:07', '2010-06-07 06:33:37'),
(462, 'Oleta', 'Reinger', 8388607, 0, 'hmcglynn@example.net', '2018-07-29 01:30:47', '2014-07-18 04:05:18'),
(463, 'Mikayla', 'Pfannerstill', 892, 7518, 'loyce.kling@example.net', '2002-10-07 09:49:14', '2012-09-20 19:46:02'),
(464, 'Stanley', 'Auer', 926160, 693394812, 'vgrady@example.org', '1993-07-14 10:12:27', '2009-05-22 23:30:36'),
(465, 'Doris', 'Weber', 113642, 5518509, 'daisha.marvin@example.net', '1979-11-03 21:28:46', '1979-09-17 13:08:31'),
(466, 'Chaim', 'Abernathy', 0, 75680, 'doyle25@example.com', '2008-02-27 04:53:42', '2005-12-26 11:04:11'),
(467, 'Nikko', 'Powlowski', 1, 26, 'alvis87@example.com', '1981-06-25 13:20:49', '1971-05-30 09:04:33'),
(468, 'Elyssa', 'Fadel', 573, 20652344, 'uharvey@example.net', '2004-10-13 02:12:36', '2015-09-22 21:48:07'),
(469, 'Dorian', 'Considine', 1, 0, 'ibeier@example.org', '1971-07-16 07:44:26', '2007-10-20 06:52:31'),
(470, 'Leila', 'Lueilwitz', 0, 704104, 'muriel09@example.org', '1979-10-12 12:57:43', '2004-04-11 04:15:57'),
(471, 'Levi', 'Gleason', 0, 3, 'zoey88@example.com', '1971-03-31 13:22:59', '2011-07-24 12:17:59'),
(472, 'Shaniya', 'Klein', 132, 53365, 'giles.larkin@example.net', '1997-11-30 18:44:01', '1999-09-01 09:17:48'),
(473, 'Priscilla', 'Klein', 54, 0, 'tmayer@example.com', '2008-07-29 20:10:11', '1972-01-23 03:50:54'),
(474, 'Vicente', 'Muller', 1, 236176408, 'colleen.fritsch@example.org', '2002-10-18 01:26:41', '1984-04-06 17:31:37'),
(475, 'Clarabelle', 'Leannon', 868619, 413, 'mohr.vernon@example.net', '1993-03-14 01:41:54', '1971-07-08 00:10:25'),
(476, 'Mozell', 'Marks', 103126, 997415, 'fahey.tyrel@example.org', '1970-09-16 06:44:26', '1972-06-14 06:55:48'),
(477, 'Elisha', 'Hessel', 8388607, 1, 'amber.doyle@example.com', '1976-04-22 07:22:31', '1982-12-14 15:32:46'),
(478, 'Perry', 'Howell', 382, 780339448, 'hilda.wilkinson@example.org', '2010-09-17 06:01:27', '1989-08-23 00:38:49'),
(479, 'Sylvia', 'Ankunding', 529882, 40, 'veronica12@example.com', '1971-05-23 10:24:32', '2018-05-10 08:24:11'),
(480, 'Andy', 'Jenkins', 0, 369, 'volkman.alisa@example.org', '1973-05-16 21:01:10', '2002-06-18 02:51:31'),
(481, 'Reina', 'Hilpert', 670, 6, 'aondricka@example.org', '1990-08-31 15:17:15', '1999-01-14 22:19:06'),
(482, 'Tabitha', 'Orn', 1, 0, 'korey.effertz@example.net', '1976-11-21 04:38:13', '1971-04-30 05:48:36'),
(483, 'Bruce', 'Morar', 1, 12367, 'doyle.jaunita@example.org', '1987-08-30 09:48:27', '1971-04-12 03:28:30'),
(484, 'Tomasa', 'Luettgen', 1, 407, 'tomas57@example.org', '1982-11-15 21:57:35', '2006-11-09 05:25:59'),
(485, 'Lukas', 'Brown', 392603, 297969, 'mayra86@example.org', '2012-01-18 18:55:49', '1971-06-02 17:19:08'),
(486, 'Ferne', 'Pagac', 203, 51, 'rosa82@example.net', '1984-08-31 15:41:48', '1990-04-03 07:17:57'),
(487, 'Myrna', 'Hodkiewicz', 50, 846274, 'gschumm@example.com', '2011-12-30 07:16:34', '2019-03-24 04:27:23'),
(488, 'Marcos', 'Mann', 8388607, 83, 'lwill@example.net', '2016-12-09 10:25:23', '1980-01-18 19:23:55'),
(489, 'Jalyn', 'Leffler', 0, 533, 'leannon.river@example.net', '1995-08-12 17:32:46', '1983-09-30 23:54:45'),
(490, 'Mariam', 'Adams', 610761, 911, 'green.dewitt@example.org', '1986-02-06 01:25:13', '2004-03-01 01:11:32'),
(491, 'Emie', 'Thompson', 1, 732, 'fadel.antonia@example.com', '1998-09-15 19:45:20', '2012-05-17 15:44:43'),
(492, 'Ruthe', 'Heidenreich', 117, 679784888, 'green.mireya@example.com', '2016-01-17 02:53:47', '2016-10-10 02:14:14'),
(493, 'Meredith', 'Orn', 8388607, 101, 'lindsey.bartoletti@example.net', '1983-05-07 01:11:11', '2004-01-12 13:12:35'),
(494, 'Winston', 'Beahan', 613, 442966271, 'rafaela.dicki@example.com', '1990-01-13 08:26:39', '1993-10-12 08:17:34'),
(495, 'Jett', 'Hessel', 1, 5396, 'ibrahim94@example.org', '2017-10-23 11:22:44', '1985-05-01 06:41:33'),
(496, 'Estelle', 'Dibbert', 362, 98856736, 'hadley14@example.net', '2009-10-21 05:10:47', '2015-12-03 13:26:13'),
(497, 'Malinda', 'Spencer', 8388607, 66794, 'raynor.doris@example.com', '1991-03-03 14:19:09', '2005-02-20 20:17:29'),
(498, 'Tess', 'Oberbrunner', 85, 726, 'swehner@example.com', '1972-12-20 13:32:44', '1973-01-12 09:28:23'),
(499, 'Modesto', 'Rempel', 0, 3398, 'ansley45@example.org', '2008-12-26 09:21:46', '1993-03-01 22:19:30'),
(500, 'Weldon', 'Wilkinson', 1, 81, 'jarvis06@example.org', '1985-10-18 12:28:28', '1983-04-27 16:08:31'),
(501, 'Kasandra', 'Blanda', 8, 64932, 'satterfield.gladyce@example.org', '2010-04-28 08:28:39', '2016-05-20 04:02:47'),
(502, 'Jayson', 'Streich', 1, 5368340, 'cklein@example.org', '1987-06-18 00:25:18', '1998-03-07 05:00:04'),
(503, 'Emily', 'Hauck', 54, 313612, 'alysson04@example.com', '1983-06-23 10:42:19', '1987-10-18 04:33:27'),
(504, 'Pedro', 'Gottlieb', 0, 70361718, 'kkautzer@example.org', '2014-09-30 00:49:40', '2014-07-03 11:27:45'),
(505, 'Anya', 'Hoppe', 784845, 473406966, 'jast.reymundo@example.net', '2011-04-18 05:09:04', '2005-07-29 14:40:37'),
(506, 'Candice', 'Schimmel', 122, 32821, 'tatum27@example.net', '2007-01-01 03:17:38', '1987-11-27 11:51:23'),
(507, 'Korey', 'Nitzsche', 0, 446846553, 'albert.thompson@example.org', '2014-03-25 06:04:33', '2006-09-21 14:37:21'),
(508, 'Ava', 'Nicolas', 718617, 2050075, 'mariah.schamberger@example.net', '1974-04-09 04:04:28', '1977-01-18 12:28:27'),
(509, 'Reyes', 'Lang', 8388607, 748234882, 'hilma95@example.com', '2014-06-27 01:59:12', '1987-10-17 08:04:34'),
(510, 'Jackie', 'Wunsch', 727, 78844842, 'lamar58@example.net', '1979-03-31 21:30:07', '1986-12-26 00:51:16'),
(511, 'Jalyn', 'Zulauf', 1, 9075820, 'huels.sonia@example.com', '1984-10-31 10:48:09', '1992-04-11 19:15:23'),
(512, 'Dixie', 'Koepp', 202, 666780, 'marcellus.kunze@example.com', '2013-08-03 09:49:00', '1997-08-05 16:50:01'),
(513, 'Allie', 'Carter', 0, 48, 'kbogisich@example.net', '2018-08-26 14:33:55', '2017-02-12 15:05:50'),
(514, 'Maximillian', 'McClure', 41, 2724458, 'gertrude02@example.net', '2010-07-18 07:46:35', '1986-05-11 12:48:32'),
(515, 'Jeffery', 'Sawayn', 0, 63067788, 'kkreiger@example.com', '1972-08-04 16:50:49', '1992-05-01 00:57:45'),
(516, 'Maybelle', 'Greenholt', 200291, 0, 'bogan.warren@example.com', '1988-02-02 19:43:56', '2000-03-13 05:21:02'),
(517, 'Peggie', 'Jakubowski', 0, 57, 'keebler.betty@example.org', '1972-03-22 13:33:41', '1986-10-21 07:11:28'),
(518, 'Lawson', 'Wyman', 100, 529, 'bridget61@example.org', '1976-05-29 11:14:23', '1982-02-10 08:27:12'),
(519, 'Adeline', 'Williamson', 1, 11446991, 'phoppe@example.net', '1995-08-20 13:10:58', '1986-06-23 11:36:32'),
(520, 'Mary', 'Rodriguez', 93506, 22428, 'tre.lemke@example.net', '1980-01-11 02:22:17', '2002-03-31 19:34:07'),
(521, 'Polly', 'O\'Reilly', 0, 159530955, 'corkery.emilio@example.com', '2011-01-06 03:32:31', '1972-10-14 02:43:48'),
(522, 'Elouise', 'Herzog', 1, 3779, 'dereck.jakubowski@example.net', '2012-02-14 03:42:50', '2009-02-25 07:36:31'),
(523, 'Chelsie', 'Jakubowski', 62563, 5, 'meda.schuppe@example.net', '1984-11-29 06:13:15', '2006-01-30 22:48:40'),
(524, 'Lavon', 'Bins', 0, 80811, 'amparo28@example.org', '1972-05-26 21:19:23', '2001-06-29 23:11:46'),
(525, 'Theron', 'Nikolaus', 381650, 8322122, 'parker.janae@example.org', '2008-09-16 01:15:45', '2006-08-18 00:32:57'),
(526, 'Lynn', 'Streich', 1, 39641, 'kyla.graham@example.org', '1998-04-13 11:49:41', '1998-03-14 18:29:17'),
(527, 'Lucinda', 'Frami', 848, 712, 'tanya.kautzer@example.org', '1989-07-11 04:07:19', '1990-04-29 08:13:46'),
(528, 'Evie', 'Robel', 784390, 29516, 'guadalupe.walsh@example.org', '2000-11-17 02:04:55', '1981-02-19 22:15:28'),
(529, 'Virginia', 'Rodriguez', 568967, 437, 'travon.hoeger@example.com', '1980-02-14 08:05:40', '1984-09-22 22:22:01'),
(530, 'Delta', 'Cole', 0, 28188, 'tsipes@example.com', '1991-09-15 02:47:17', '2000-06-27 22:43:08'),
(531, 'Kory', 'Hahn', 1, 80475, 'malachi.champlin@example.com', '2018-08-31 19:34:50', '1987-10-16 02:11:48'),
(532, 'Brock', 'Ebert', 1, 3162213, 'awalker@example.net', '1995-12-12 02:04:40', '1983-03-13 08:46:09'),
(533, 'Cora', 'Runte', 368792, 63418825, 'ethelyn.medhurst@example.org', '1987-03-15 21:35:22', '2001-12-27 05:18:27'),
(534, 'Melba', 'McCullough', 0, 77264, 'johnston.syble@example.com', '2006-01-08 17:29:34', '1988-01-04 23:10:03'),
(535, 'Jordan', 'Marvin', 258209, 41207, 'theodora.hansen@example.net', '1997-05-14 20:49:42', '1979-11-14 23:57:24'),
(536, 'Simone', 'Hammes', 0, 939370, 'eadams@example.net', '1990-11-02 17:07:16', '1986-10-28 17:37:29'),
(537, 'Delphine', 'Kuphal', 0, 936, 'haley.bret@example.org', '1987-09-25 12:12:37', '1980-10-05 00:48:22'),
(538, 'Rocio', 'Lowe', 8388607, 32595, 'sidney33@example.com', '1993-07-26 05:09:25', '2011-11-10 05:54:24'),
(539, 'Lenora', 'Witting', 8388607, 83797, 'raven.kiehn@example.com', '1987-03-15 02:41:26', '1995-10-04 02:57:29'),
(540, 'Patrick', 'Jaskolski', 834, 3924072, 'kulas.daren@example.net', '1999-04-28 02:55:57', '1983-10-09 16:15:11'),
(541, 'Cortez', 'Runolfsdottir', 1, 233868, 'anderson.kiera@example.net', '2001-09-30 23:28:28', '2014-09-15 09:30:29'),
(542, 'Effie', 'Weber', 0, 250, 'princess.morar@example.com', '2005-07-12 05:48:56', '1983-11-27 06:46:32'),
(543, 'Layla', 'Reilly', 8388607, 119444807, 'ydoyle@example.net', '2010-01-21 05:21:53', '1972-08-25 19:08:07'),
(544, 'Dandre', 'Farrell', 853817, 8286307, 'patricia.hegmann@example.net', '1978-08-28 14:12:01', '2007-12-04 03:41:28'),
(545, 'Brenda', 'Schneider', 940668, 0, 'marjolaine25@example.org', '1983-11-15 07:12:16', '1994-01-18 07:24:24'),
(546, 'Alessandra', 'Farrell', 1, 5, 'mellie.considine@example.com', '1986-08-09 03:49:12', '2014-01-24 23:31:06'),
(547, 'Chelsea', 'Herman', 61, 318, 'terrill00@example.com', '1977-02-16 18:14:37', '1992-08-05 04:36:25'),
(548, 'Lily', 'Spencer', 8388607, 0, 'greenfelder.lenna@example.com', '1992-04-18 14:44:18', '1983-06-26 11:27:06'),
(549, 'Bret', 'Waters', 243158, 13167, 'wheathcote@example.net', '2018-05-13 10:08:59', '2006-01-26 14:27:24'),
(550, 'Salvatore', 'Aufderhar', 1, 995019213, 'deion07@example.net', '2006-08-27 15:05:27', '1988-02-09 01:55:15'),
(551, 'Glenda', 'Rogahn', 48, 9521, 'fcartwright@example.com', '1980-01-10 05:52:50', '2007-02-22 15:29:43'),
(552, 'Alisha', 'Kerluke', 984514, 78, 'felix.schuppe@example.org', '2002-08-07 04:05:38', '1994-12-14 08:13:13'),
(553, 'Harry', 'Kuhlman', 12, 37601064, 'neoma68@example.org', '2004-12-02 11:10:57', '1993-09-05 07:03:32'),
(554, 'Cassandra', 'Fritsch', 285, 56219, 'wleannon@example.com', '1994-08-15 15:06:31', '1977-01-28 12:33:17'),
(555, 'Rachel', 'Frami', 0, 32749, 'hickle.ardith@example.net', '2010-04-02 23:04:24', '1999-01-04 04:58:48'),
(556, 'Paris', 'Bins', 56, 387891946, 'aboyer@example.net', '1990-11-12 21:54:33', '2014-01-15 02:50:16'),
(557, 'Eliza', 'Sporer', 77136, 288608488, 'xmarks@example.com', '2008-12-30 21:48:08', '2017-12-13 22:21:14'),
(558, 'Gianni', 'Glover', 0, 0, 'flatley.lenora@example.com', '1998-03-16 18:51:02', '1970-10-07 01:18:44'),
(559, 'Polly', 'Becker', 1, 20, 'ischumm@example.org', '2001-01-01 02:54:47', '1986-05-14 14:25:28'),
(560, 'Rosario', 'Schuster', 11, 103, 'hfeest@example.org', '1986-08-29 15:47:01', '1998-04-22 06:06:10'),
(561, 'Mina', 'Smith', 0, 564381, 'gislason.talon@example.org', '2005-09-18 00:43:31', '1975-07-05 02:45:46'),
(562, 'Alize', 'Cummings', 56, 39231425, 'kyle18@example.com', '2009-09-18 05:32:10', '1983-01-24 00:34:04'),
(563, 'Adolphus', 'Waters', 0, 687, 'shemar.lubowitz@example.org', '1997-07-11 10:47:53', '1991-03-14 14:01:07'),
(564, 'Kitty', 'Hamill', 1, 9796, 'rozella80@example.com', '1975-02-22 03:02:11', '1983-04-13 22:55:47'),
(565, 'Jessica', 'Feest', 1, 8, 'hilma.kessler@example.com', '2013-04-01 03:21:37', '1985-09-21 12:44:56'),
(566, 'Loma', 'Koepp', 456, 8, 'dharber@example.net', '2010-06-20 06:40:32', '1986-12-20 09:58:27'),
(567, 'Zoila', 'Bashirian', 727259, 72, 'toy.aida@example.net', '1996-07-21 21:20:13', '1979-07-17 13:07:02'),
(568, 'Lavina', 'Runolfsdottir', 918438, 14, 'gussie.smitham@example.org', '1983-11-02 05:22:08', '1993-06-05 08:52:27'),
(569, 'Samir', 'Nienow', 1, 8, 'qgoyette@example.com', '2009-06-05 13:44:24', '2017-05-14 13:22:25'),
(570, 'Dylan', 'Heaney', 622585, 0, 'lina.erdman@example.org', '2012-09-17 02:25:09', '1998-02-14 04:39:17'),
(571, 'Savion', 'Kiehn', 606568, 62216, 'macie23@example.org', '1994-10-19 11:19:21', '2019-01-17 05:17:42'),
(572, 'Gerard', 'Wisoky', 29, 221568, 'hokuneva@example.org', '2001-02-27 04:22:29', '1983-03-18 06:41:26'),
(573, 'Ida', 'Rice', 343902, 19084, 'rippin.ernest@example.org', '2000-06-06 06:20:04', '1986-11-10 17:44:06'),
(574, 'Abdul', 'Daniel', 1, 70438949, 'udonnelly@example.com', '2010-05-11 08:33:44', '2016-11-10 06:21:02'),
(575, 'Geovanni', 'Robel', 42, 730261, 'garnett80@example.org', '2014-12-30 15:29:20', '2015-07-31 00:47:01'),
(576, 'Bianka', 'Roberts', 1, 898, 'laney.turcotte@example.com', '1993-03-30 08:25:00', '1987-01-08 14:01:19'),
(577, 'Madie', 'West', 1, 79, 'ihermann@example.com', '1999-01-24 18:57:28', '1998-04-02 05:15:30'),
(578, 'Jessie', 'Hegmann', 265, 1142, 'kathlyn33@example.net', '1992-10-17 17:41:14', '1986-04-10 16:50:57'),
(579, 'Jarrett', 'Sipes', 1, 6, 'nparisian@example.org', '1984-04-05 03:46:05', '1984-08-14 19:04:56'),
(580, 'Amalia', 'McClure', 859, 2816, 'lamar29@example.org', '2010-10-08 06:55:49', '1996-09-15 07:08:16'),
(581, 'Callie', 'Torp', 473, 37249550, 'eusebio.crona@example.org', '1973-07-27 21:11:56', '1974-01-29 20:37:49'),
(582, 'Ludie', 'Beatty', 59, 6178, 'nakia.goodwin@example.org', '1979-05-28 22:26:08', '1985-08-04 00:08:16'),
(583, 'Alexane', 'Morissette', 1, 68472442, 'tod.padberg@example.com', '1973-05-28 01:07:30', '1975-09-29 01:47:36'),
(584, 'Alessia', 'Grady', 0, 0, 'boyle.gustave@example.org', '1970-04-26 05:32:36', '2009-09-02 20:34:30'),
(585, 'Allen', 'Donnelly', 177, 50, 'brooks01@example.com', '2006-12-14 19:58:21', '2006-01-11 01:40:12'),
(586, 'Anderson', 'Jast', 1, 13, 'mpurdy@example.com', '1986-03-10 15:28:05', '2006-05-02 19:17:32'),
(587, 'Jamaal', 'Lindgren', 1, 0, 'sbechtelar@example.org', '2005-03-20 00:20:42', '2009-09-04 01:07:15'),
(588, 'Shawn', 'Schmitt', 0, 99, 'breana.hilpert@example.com', '1991-10-17 17:33:19', '2008-08-30 23:34:40'),
(589, 'Vergie', 'Rohan', 0, 97302226, 'arden.kemmer@example.org', '2019-07-13 17:57:56', '2019-06-02 19:19:48'),
(590, 'Shaina', 'Shields', 826, 5817021, 'winifred.goodwin@example.com', '1999-01-02 07:17:40', '2004-05-13 20:54:06'),
(591, 'Tristian', 'Tillman', 6, 73836, 'waters.alexandria@example.net', '2006-01-03 21:55:00', '1970-08-18 10:24:05'),
(592, 'Ellen', 'Grimes', 1, 68, 'ali.gaylord@example.com', '1986-02-14 18:55:18', '2017-09-23 05:00:48'),
(593, 'Camren', 'Wuckert', 0, 5058, 'bednar.cullen@example.com', '1992-10-26 02:10:54', '2018-02-27 02:57:53'),
(594, 'Jaleel', 'Mraz', 1, 771596, 'theron55@example.com', '1987-08-23 20:00:39', '1981-08-22 04:45:38'),
(595, 'Kenyatta', 'Langworth', 693794, 46340, 'solon.koelpin@example.net', '1977-05-12 18:00:16', '1971-08-22 23:05:53'),
(596, 'Jabari', 'Konopelski', 485, 51428351, 'duncan.adams@example.org', '2002-10-23 09:33:05', '1976-09-13 18:26:55'),
(597, 'Jazmin', 'O\'Reilly', 112653, 8729209, 'corrine42@example.com', '2001-01-03 11:21:31', '1983-05-25 15:04:56'),
(598, 'Jovany', 'Bernhard', 198, 2190, 'kaela.mckenzie@example.org', '1995-04-13 21:14:32', '1996-05-25 17:06:07'),
(599, 'Jarvis', 'Mayert', 645968, 12832, 'everardo35@example.com', '1986-05-22 20:55:06', '1996-07-11 14:01:57'),
(600, 'Yolanda', 'Upton', 324643, 7490986, 'lisa.macejkovic@example.org', '2019-05-09 07:30:25', '2018-12-17 14:14:53'),
(601, 'Desmond', 'Crist', 918, 71, 'yasmin.swaniawski@example.net', '2005-08-03 17:06:00', '1978-01-14 03:27:35'),
(602, 'Tre', 'Moen', 1, 368335, 'stark.jaquan@example.com', '2008-02-21 02:50:55', '1979-07-21 11:43:57'),
(603, 'Levi', 'McDermott', 1, 0, 'frami.noel@example.com', '1992-04-15 16:30:09', '1987-10-15 17:32:23'),
(604, 'Tessie', 'Rowe', 15, 4338033, 'agustina44@example.org', '1991-03-15 10:44:58', '2003-06-14 17:51:07'),
(605, 'Elton', 'Kuhic', 31, 52841, 'richmond69@example.org', '1989-01-21 11:20:33', '1997-12-15 07:43:22'),
(606, 'Barrett', 'Dietrich', 9, 56910529, 'katlynn.stanton@example.com', '1997-12-04 02:14:06', '1975-04-08 06:55:05'),
(607, 'Christopher', 'Hahn', 76, 96761819, 'earlene72@example.com', '1971-12-23 01:23:40', '1973-02-03 17:23:40'),
(608, 'Katlyn', 'Metz', 1, 3, 'bbarrows@example.net', '2019-06-12 17:00:22', '1995-12-26 08:41:09'),
(609, 'Saul', 'Walsh', 651764, 421695, 'elody21@example.net', '1998-03-10 07:03:15', '2014-08-03 11:44:43'),
(610, 'Gisselle', 'Kulas', 197, 446929, 'ritchie.victoria@example.org', '2008-12-10 12:08:42', '1989-07-25 06:08:49'),
(611, 'Rosemary', 'Beer', 160549, 0, 'cgerhold@example.net', '2002-10-05 11:36:45', '2012-05-14 08:54:58'),
(612, 'Carolanne', 'Upton', 1, 67, 'gleichner.zakary@example.net', '1973-03-26 12:25:09', '2004-07-01 23:58:57'),
(613, 'Kristy', 'Cronin', 0, 33085, 'nsmith@example.net', '1970-09-30 16:17:16', '2004-06-24 07:05:53'),
(614, 'Annetta', 'Glover', 1, 424403, 'cole.chaim@example.net', '2001-08-16 13:26:34', '1970-03-19 19:02:19'),
(615, 'Mack', 'Altenwerth', 0, 3, 'paula.reynolds@example.org', '2016-01-09 10:10:17', '1995-08-28 09:16:17'),
(616, 'Christ', 'Mills', 341, 295071404, 'ahirthe@example.com', '1989-12-23 22:56:14', '2019-09-03 02:27:44'),
(617, 'Myriam', 'Jast', 51311, 1914, 'vincenza94@example.net', '2000-06-04 13:34:40', '2000-04-16 17:49:25'),
(618, 'Julianne', 'Bernhard', 29, 14, 'lizzie.boyle@example.com', '1989-03-16 05:17:03', '2006-06-29 03:05:24'),
(619, 'Stefan', 'Kessler', 341949, 227521053, 'kwolf@example.net', '2004-11-28 11:44:44', '1976-08-19 00:38:26'),
(620, 'Fabiola', 'Kautzer', 814, 908138960, 'schmidt.ansley@example.net', '2013-05-29 12:37:12', '2012-04-09 01:05:15'),
(621, 'Consuelo', 'Haag', 8388607, 3828, 'connelly.nina@example.com', '1973-02-28 08:40:06', '1992-02-19 08:37:39'),
(622, 'Kevin', 'Rempel', 0, 73558, 'madaline55@example.com', '2017-06-22 14:40:59', '1971-07-20 18:25:01'),
(623, 'Jeff', 'Kessler', 0, 4, 'julianne24@example.net', '2013-01-01 22:13:40', '1979-04-18 22:19:53'),
(624, 'Hosea', 'Williamson', 658485, 61, 'maude89@example.net', '2012-11-07 10:12:52', '1991-10-30 11:05:14'),
(625, 'Malcolm', 'Keeling', 1, 43938297, 'nmohr@example.com', '1996-06-22 00:15:53', '2013-08-25 11:00:19'),
(626, 'Daphne', 'Huels', 809, 52100, 'dandre.sporer@example.com', '2000-02-18 22:51:57', '1979-05-30 23:17:28'),
(627, 'Devante', 'Abshire', 0, 963, 'iupton@example.net', '1982-06-10 13:20:20', '2003-04-18 08:42:45'),
(628, 'Paige', 'Altenwerth', 1, 0, 'ajohnston@example.net', '1990-08-21 08:44:45', '1994-03-16 03:50:18'),
(629, 'Elsie', 'West', 115, 867, 'mercedes23@example.com', '2015-02-23 01:40:28', '1983-03-16 16:22:48'),
(630, 'Lourdes', 'Rowe', 1, 5, 'collier.flo@example.org', '1997-09-07 08:34:49', '2008-05-24 22:58:18'),
(631, 'Abraham', 'Keeling', 1, 0, 'vivien.baumbach@example.org', '1989-07-21 02:22:11', '1984-01-27 12:11:29'),
(632, 'Abraham', 'Stroman', 1, 757040, 'bret.leuschke@example.net', '1989-01-20 05:41:55', '2014-04-07 14:24:45'),
(633, 'Lue', 'Glover', 240153, 0, 'io\'hara@example.net', '1980-12-29 04:20:02', '1991-09-25 17:08:51'),
(634, 'Henry', 'Beahan', 50, 45, 'mitchell.aaron@example.net', '2004-01-18 00:31:44', '2008-05-02 16:42:24'),
(635, 'Yessenia', 'Schmitt', 1, 65666415, 'pwintheiser@example.net', '1998-04-22 13:12:45', '1998-03-20 20:54:56'),
(636, 'Isabelle', 'Bailey', 1, 9610222, 'vena58@example.org', '2012-08-13 05:44:54', '2018-01-14 18:14:42'),
(637, 'Zoey', 'Keebler', 0, 384595613, 'pprohaska@example.org', '2012-09-19 14:14:05', '2009-07-19 14:53:50'),
(638, 'Tiffany', 'Koss', 8388607, 0, 'jude90@example.com', '2013-10-27 16:33:43', '2019-05-10 18:06:30'),
(639, 'Jazmyne', 'Kautzer', 0, 274687, 'rylee66@example.org', '2003-03-26 14:31:47', '2006-02-13 08:23:42'),
(640, 'Hector', 'Jacobson', 1, 0, 'hansen.leonardo@example.net', '1988-08-06 20:03:58', '2000-09-22 12:34:36'),
(641, 'Wilber', 'Schowalter', 1, 94235, 'quigley.jackeline@example.com', '1995-12-24 12:40:08', '1980-02-20 14:00:55'),
(642, 'Annamae', 'Funk', 62, 0, 'o\'keefe.dion@example.org', '1977-10-02 15:47:15', '1972-09-27 03:17:40'),
(643, 'Deshaun', 'Considine', 0, 906942, 'mathilde58@example.net', '2002-09-02 15:44:52', '1998-04-29 16:39:16'),
(644, 'Sadie', 'Zieme', 463, 3775193, 'okey.larson@example.org', '1976-06-30 11:29:23', '1986-06-14 00:03:18'),
(645, 'Kaley', 'McClure', 815458, 40583726, 'rbergstrom@example.net', '1985-05-26 09:20:25', '1971-09-04 00:47:07'),
(646, 'Maybelle', 'Beahan', 1, 15830199, 'grimes.eula@example.org', '1970-12-12 20:55:49', '2015-07-08 16:22:12'),
(647, 'Yvonne', 'Farrell', 448, 609256, 'duane.brekke@example.org', '1998-05-03 13:45:59', '1992-06-22 18:40:30'),
(648, 'Rogelio', 'Goyette', 980, 2152575, 'mheathcote@example.com', '1976-11-13 07:03:33', '1988-04-09 09:12:23'),
(649, 'Jakob', 'Collins', 419, 8297, 'kklein@example.org', '1973-01-24 20:25:45', '2004-01-13 16:50:18'),
(650, 'Yvette', 'Maggio', 300, 73168, 'bgusikowski@example.com', '1971-07-17 09:44:31', '1971-06-20 07:59:03'),
(651, 'Chauncey', 'Rath', 58, 60870059, 'schaefer.arnaldo@example.net', '1984-11-29 21:52:17', '1993-06-23 01:00:11'),
(652, 'Gina', 'Goodwin', 0, 41, 'ziemann.kelsie@example.com', '2010-09-02 20:10:18', '2011-07-28 21:02:48'),
(653, 'Wendell', 'Zulauf', 0, 906384, 'kbosco@example.net', '1986-08-17 19:52:14', '1982-08-25 02:22:37'),
(654, 'Carlee', 'Walsh', 970412, 3798478, 'mcdermott.michale@example.org', '2009-11-16 19:25:20', '2016-12-15 15:09:45'),
(655, 'Nolan', 'Hudson', 0, 8417, 'walter.vladimir@example.org', '1970-09-19 11:30:43', '1973-11-08 10:11:12'),
(656, 'Franz', 'Jast', 975303, 57793938, 'bcorkery@example.net', '2009-02-07 13:24:26', '2010-11-04 14:11:29'),
(657, 'Vilma', 'Mante', 1, 686809, 'carmen.o\'keefe@example.org', '2000-01-31 17:02:42', '1975-03-06 15:12:45'),
(658, 'Una', 'Stiedemann', 21, 6405, 'mikel57@example.org', '1978-04-14 07:06:10', '1980-12-18 18:15:44'),
(659, 'Leopoldo', 'Lebsack', 8948, 6, 'larson.jaunita@example.org', '1983-01-22 01:07:18', '1982-02-07 22:09:43'),
(660, 'Ali', 'Mante', 0, 2232, 'luettgen.heather@example.org', '1970-07-26 13:35:21', '1972-08-26 14:54:26'),
(661, 'Gene', 'Torp', 0, 9401, 'lily.jacobs@example.com', '1981-06-29 06:13:04', '1998-09-23 18:05:24'),
(662, 'Jody', 'Rolfson', 700, 31901, 'shania94@example.org', '1972-03-20 22:30:52', '2002-05-10 14:33:37'),
(663, 'Sarai', 'Ward', 1, 7, 'blick.jarrett@example.com', '1994-08-30 07:31:22', '2005-11-05 02:55:14'),
(664, 'Aimee', 'Quigley', 613, 469, 'daniel.hermina@example.org', '1972-05-19 10:44:53', '2014-10-16 14:51:54'),
(665, 'Shawna', 'Hyatt', 23, 128670187, 'okirlin@example.com', '1988-05-15 23:48:28', '1993-12-10 08:43:03'),
(666, 'Jarret', 'Runte', 0, 8277, 'kozey.abner@example.com', '2010-07-05 10:47:04', '2009-11-13 16:06:27'),
(667, 'Franz', 'Schuppe', 1, 11424, 'kwehner@example.com', '1999-05-19 14:53:19', '1972-07-22 16:05:02'),
(668, 'Genevieve', 'Reichert', 78840, 6099, 'vincenza95@example.org', '1993-09-01 21:15:09', '1997-05-03 17:28:20'),
(669, 'Alize', 'Huel', 0, 405994602, 'brant.cremin@example.com', '1997-10-06 05:24:36', '1999-01-15 13:28:31'),
(670, 'Dangelo', 'Grimes', 1, 88114, 'jaleel54@example.org', '1974-07-18 14:21:12', '2019-08-06 05:24:23'),
(671, 'Lelia', 'Padberg', 0, 1117103, 'margarita40@example.org', '2006-09-03 03:00:32', '2019-08-23 00:07:19'),
(672, 'Fabiola', 'Pfannerstill', 11164, 3, 'nikolas.hilpert@example.net', '1978-05-06 09:53:31', '2015-01-07 21:55:25'),
(673, 'Isaac', 'Greenholt', 15, 305155012, 'nina26@example.org', '1993-04-10 00:08:11', '1984-05-08 03:44:24'),
(674, 'Isabelle', 'Bernier', 14935, 837203459, 'qadams@example.com', '1998-09-11 08:58:26', '1973-11-18 21:11:09'),
(675, 'Dorothea', 'Kirlin', 1, 428, 'lafayette76@example.net', '2018-11-29 18:46:48', '1989-08-30 09:33:39'),
(676, 'Eugene', 'Green', 717521, 995101, 'thomas.wehner@example.org', '1987-02-20 13:09:19', '1990-12-27 04:38:24'),
(677, 'Rylee', 'Hoppe', 0, 1940153, 'mia73@example.net', '1987-08-20 01:29:19', '1975-09-11 00:01:12'),
(678, 'Prudence', 'Feest', 95, 16002, 'ovon@example.net', '2009-12-14 19:00:09', '1985-05-26 09:58:26'),
(679, 'Jermey', 'Moen', 262274, 1, 'murazik.dustin@example.com', '1991-11-20 16:47:38', '2018-05-30 17:09:08'),
(680, 'Dolores', 'Barrows', 1, 0, 'srutherford@example.net', '1983-06-09 09:17:59', '2011-07-16 02:17:22'),
(681, 'Antonietta', 'Gibson', 0, 9849, 'shawna48@example.net', '1987-06-07 03:27:43', '2018-04-20 05:13:28'),
(682, 'Reyna', 'Hudson', 0, 44, 'jschmidt@example.com', '1974-05-22 04:42:41', '1976-10-25 03:13:45'),
(683, 'Misty', 'Hermann', 1, 138874955, 'odessa98@example.net', '1993-11-01 03:41:58', '1996-11-14 03:11:04'),
(684, 'Sabrina', 'Sauer', 731562, 482, 'sophie24@example.org', '1988-02-02 14:15:48', '1980-09-21 15:55:17'),
(685, 'Marge', 'O\'Keefe', 30, 44, 'lehner.eveline@example.com', '1988-07-12 17:46:52', '1972-01-12 21:25:01'),
(686, 'Kolby', 'Durgan', 0, 6, 'kulas.meghan@example.net', '2004-04-14 06:58:07', '1970-04-28 02:45:42'),
(687, 'Lincoln', 'Jakubowski', 234631, 499245967, 'rachael58@example.com', '1998-08-04 13:00:46', '1982-10-15 05:29:36'),
(688, 'Marlin', 'Breitenberg', 37, 1975589, 'ksawayn@example.org', '1977-08-10 14:52:20', '1977-03-04 00:29:39'),
(689, 'Edmund', 'Schultz', 1, 930563017, 'mtreutel@example.net', '2008-07-23 08:34:07', '2003-05-18 02:48:00'),
(690, 'Kamren', 'Sauer', 1, 2474510, 'ryan.tristin@example.net', '1987-07-06 13:19:30', '2003-11-26 22:04:16'),
(691, 'Emerald', 'Sawayn', 0, 75, 'pyost@example.com', '1976-06-13 09:14:46', '1975-10-14 19:09:56'),
(692, 'Mark', 'Davis', 8388607, 8812424, 'pearline.halvorson@example.org', '2009-10-05 08:59:53', '2016-08-15 03:56:07'),
(693, 'Antone', 'Schuppe', 162, 32611409, 'hermina80@example.org', '1988-10-13 07:25:53', '1996-08-21 17:16:14'),
(694, 'Ariane', 'Wolf', 6, 32357625, 'nikita.hermiston@example.org', '1981-05-15 16:25:12', '2018-09-24 18:17:31'),
(695, 'Amiya', 'Glover', 575231, 36, 'eldridge81@example.com', '1989-06-08 12:44:02', '1976-06-15 17:57:11'),
(696, 'Gus', 'Lowe', 126686, 18498159, 'dietrich.rigoberto@example.org', '2012-12-20 21:23:09', '2005-05-31 05:10:03'),
(697, 'Enola', 'Wintheiser', 1, 4649, 'stehr.jefferey@example.net', '1972-03-24 16:05:50', '1977-11-08 04:27:06'),
(698, 'Raleigh', 'Walsh', 88734, 11, 'csauer@example.com', '1990-04-13 03:54:40', '1979-08-29 16:18:25'),
(699, 'Arielle', 'Cremin', 0, 3742609, 'okling@example.net', '2014-03-14 23:26:53', '2004-04-14 13:59:54'),
(700, 'Monserrate', 'Keebler', 1, 7833253, 'shanny.price@example.org', '1986-10-02 08:31:16', '1989-08-22 22:19:43'),
(701, 'Bertrand', 'Hickle', 8388607, 0, 'jamir86@example.net', '1971-04-10 06:30:59', '1997-02-27 02:07:08'),
(702, 'Mabelle', 'Schroeder', 69, 577168950, 'marian40@example.net', '2009-04-16 02:46:09', '2015-12-20 09:05:23'),
(703, 'Ricky', 'Huels', 1, 0, 'xpollich@example.org', '2007-06-07 12:59:08', '1992-04-24 23:48:35'),
(704, 'Delfina', 'Daniel', 98435, 965410, 'hrippin@example.com', '2003-10-22 12:18:47', '1973-07-15 07:05:17'),
(705, 'Elisha', 'Hoeger', 53, 0, 'sierra.corwin@example.com', '1971-07-07 11:09:06', '2015-09-02 12:47:25'),
(706, 'Adele', 'McKenzie', 281, 2, 'bernadette15@example.org', '2013-12-22 12:10:15', '2014-11-17 07:05:04'),
(707, 'Nicolette', 'Rau', 28386, 72560, 'umoen@example.net', '1979-12-12 05:12:34', '2002-08-20 18:46:05'),
(708, 'Robin', 'Pfeffer', 452675, 21, 'rudolph37@example.com', '1972-02-07 11:27:44', '2000-02-06 16:56:11'),
(709, 'Matilde', 'Johns', 65, 193513, 'micheal.kertzmann@example.org', '2012-12-02 13:36:36', '2011-08-19 21:16:51'),
(710, 'Erica', 'Legros', 681, 19971893, 'aglae.bednar@example.net', '1976-06-01 22:14:40', '2000-07-07 06:09:55'),
(711, 'Bobbie', 'Will', 1, 8, 'aveum@example.net', '2012-02-28 21:50:19', '2013-11-29 03:05:02'),
(712, 'Geoffrey', 'Leuschke', 70, 0, 'romaguera.hosea@example.com', '1978-05-28 20:15:00', '2016-01-10 12:12:13'),
(713, 'Yoshiko', 'Batz', 0, 9729, 'hailey85@example.com', '1992-12-29 22:46:14', '2015-04-22 12:27:23'),
(714, 'Sheila', 'Beier', 8388607, 4547038, 'stephanie34@example.com', '1991-05-16 15:07:50', '2018-08-24 17:05:18'),
(715, 'Derrick', 'Trantow', 331, 13257, 'madisen49@example.net', '1986-05-07 10:51:01', '1977-01-19 18:06:01'),
(716, 'Giovanna', 'Stokes', 1, 2, 'abraham09@example.org', '1988-02-08 21:12:50', '1992-12-10 01:05:22'),
(717, 'Roma', 'Bins', 1, 75442028, 'grant.audrey@example.com', '1998-03-28 18:56:44', '1999-04-18 19:05:14'),
(718, 'Darryl', 'Robel', 681042, 203, 'ngrant@example.net', '2002-03-18 04:24:37', '2009-09-08 06:45:16'),
(719, 'Sylvester', 'Metz', 1, 34, 'lesch.angelita@example.com', '2005-04-29 20:07:16', '2002-04-14 19:32:16'),
(720, 'Anibal', 'Schmeler', 566, 61573414, 'winnifred.rohan@example.com', '2000-11-25 18:56:43', '1990-01-30 18:39:41'),
(721, 'Gertrude', 'Lindgren', 0, 9, 'jay43@example.com', '2003-03-05 16:16:31', '2016-03-12 06:07:16'),
(722, 'Hollis', 'Marquardt', 219, 15, 'sosinski@example.org', '1984-06-27 13:29:56', '2017-10-27 20:50:30'),
(723, 'Jermain', 'Bogan', 0, 871416, 'jerome31@example.org', '1995-01-20 22:39:09', '2005-01-05 22:07:08'),
(724, 'Jaylin', 'Schinner', 581, 30, 'boyle.chad@example.net', '2000-07-25 23:42:55', '1986-08-01 15:35:31'),
(725, 'Erich', 'Jerde', 1, 662, 'xspinka@example.org', '1987-01-26 08:14:56', '1975-02-04 05:50:05'),
(726, 'Jayce', 'Kihn', 8388607, 844, 'willard84@example.com', '1995-05-16 02:56:53', '2004-11-01 23:08:00'),
(727, 'Misael', 'Sawayn', 725, 184079, 'tomasa.lockman@example.org', '2005-06-22 22:08:01', '1984-11-07 18:13:03'),
(728, 'Giovanny', 'Zboncak', 577122, 791038, 'jaquan48@example.org', '2007-03-31 19:05:49', '2005-04-10 22:57:23'),
(729, 'Jayden', 'Morar', 1, 2481, 'abbott.yoshiko@example.org', '1971-03-03 21:39:31', '2004-11-09 05:36:46'),
(730, 'Orville', 'Reichel', 896271, 586, 'albertha.wuckert@example.org', '1987-03-13 20:15:54', '2010-06-25 13:24:15'),
(731, 'Jasen', 'Stoltenberg', 1, 27393, 'azieme@example.org', '2005-10-07 01:38:15', '1986-06-26 05:26:35'),
(732, 'Shawn', 'Von', 187902, 0, 'erna38@example.com', '1992-05-01 10:26:05', '1985-06-21 02:42:07'),
(733, 'Sven', 'Hintz', 973499, 9, 'akuphal@example.net', '1998-08-15 07:52:29', '1974-08-19 11:09:40'),
(734, 'Myrna', 'Morissette', 8388607, 502, 'atowne@example.com', '2002-03-22 05:22:35', '1974-10-09 15:41:41'),
(735, 'Valerie', 'Blick', 724592, 0, 'brown.julia@example.net', '2011-12-03 06:39:19', '1987-07-17 19:59:24'),
(736, 'Emanuel', 'Davis', 754523, 0, 'hamill.malinda@example.org', '1999-10-06 21:06:13', '2016-05-30 04:26:31'),
(737, 'Vincent', 'Bernier', 0, 893, 'simeon.kautzer@example.org', '2000-08-05 05:16:15', '1999-04-03 15:57:13'),
(738, 'Amie', 'Luettgen', 459712, 144288149, 'annette.zulauf@example.com', '1975-10-26 06:15:06', '1970-12-02 03:43:23'),
(739, 'Khalid', 'Smitham', 860, 5, 'bergnaum.orland@example.org', '2005-05-15 08:53:47', '1996-11-28 19:27:25'),
(740, 'Bret', 'Leannon', 1, 2785, 'efrain.boyer@example.com', '1984-05-23 05:26:36', '2000-10-25 22:14:44'),
(741, 'Jonatan', 'Dooley', 753, 837, 'ada54@example.com', '1974-04-13 03:31:57', '1978-12-30 06:53:55'),
(742, 'Devon', 'Fritsch', 1, 618900092, 'torphy.jarred@example.com', '1978-04-05 12:45:41', '2015-11-03 11:22:05'),
(743, 'Torey', 'Lesch', 8388607, 12, 'smitham.brandyn@example.org', '2009-04-04 16:33:42', '1999-05-26 06:57:29'),
(744, 'Peter', 'Nikolaus', 464, 1605389, 'ohaag@example.net', '1982-09-29 22:19:50', '2014-07-06 06:25:18'),
(745, 'Jazmyn', 'Jacobs', 8388607, 9921, 'christiansen.anjali@example.com', '1985-09-03 19:17:59', '1977-07-04 00:19:41'),
(746, 'Caterina', 'Altenwerth', 8388607, 39124879, 'johns.amie@example.org', '2011-08-11 11:33:00', '2013-08-03 06:59:33'),
(747, 'Moises', 'Stoltenberg', 1, 3, 'qroberts@example.net', '1974-06-03 17:36:54', '1978-05-18 00:52:30'),
(748, 'Jaylan', 'Mohr', 248247, 5963830, 'wprohaska@example.org', '2008-01-06 06:05:43', '2016-01-19 07:46:31'),
(749, 'Haylie', 'Brakus', 26, 312, 'mariam21@example.net', '2001-06-09 06:10:40', '2016-05-21 22:24:02'),
(750, 'Vernon', 'Lynch', 0, 5495913, 'qgoyette@example.org', '2015-01-28 18:56:12', '1977-11-16 10:11:05'),
(751, 'Francis', 'Vandervort', 19, 0, 'legros.janae@example.net', '2009-10-04 23:17:59', '1970-11-24 00:34:37'),
(752, 'Elna', 'Schiller', 1, 0, 'kuhic.amaya@example.net', '1993-06-15 23:53:18', '1987-06-19 14:05:24'),
(753, 'Al', 'Mayer', 1, 82366401, 'htillman@example.com', '2010-03-28 09:22:39', '1971-07-16 08:19:28'),
(754, 'Jennyfer', 'Wisozk', 0, 61098, 'xblick@example.com', '2013-10-23 16:33:51', '1983-02-18 05:12:14'),
(755, 'Zachery', 'Cormier', 756, 740, 'kayla10@example.net', '2003-06-22 13:52:33', '2019-03-09 06:23:04'),
(756, 'Francis', 'Baumbach', 473102, 1, 'haylie23@example.net', '1979-07-27 11:32:50', '2001-09-05 18:27:35'),
(757, 'Birdie', 'Braun', 0, 16489, 'jayda.bergstrom@example.com', '2008-12-19 14:05:14', '2002-12-02 09:22:46'),
(758, 'Zetta', 'Fritsch', 641, 96426527, 'greenfelder.milo@example.org', '1978-10-31 12:27:50', '2003-02-01 17:29:32'),
(759, 'Ervin', 'Beier', 1, 157, 'xhyatt@example.com', '1995-02-03 06:35:44', '1978-07-31 03:07:04'),
(760, 'Alia', 'Pouros', 0, 146757971, 'vivian.jacobi@example.org', '2006-06-17 18:21:03', '1993-08-10 10:36:57'),
(761, 'Emmet', 'Legros', 1, 2703, 'alejandra59@example.com', '1976-01-29 19:26:24', '1972-03-20 07:14:25'),
(762, 'Ashley', 'Jacobs', 8388607, 3025, 'mraz.osbaldo@example.net', '1974-11-22 18:13:58', '2018-03-29 09:38:48'),
(763, 'Ruben', 'Goyette', 890, 9, 'tmckenzie@example.com', '2007-10-21 12:42:33', '1999-01-03 18:36:02'),
(764, 'Jadyn', 'Fritsch', 751, 4142, 'lueilwitz.casper@example.net', '2004-10-24 17:48:37', '2004-04-26 17:00:27'),
(765, 'Randi', 'Hessel', 483543, 5361, 'yflatley@example.org', '1981-09-26 15:57:35', '2018-07-07 02:01:37'),
(766, 'Thalia', 'Homenick', 978, 309666, 'mitchell.gerardo@example.org', '1997-04-23 15:20:41', '1973-08-19 18:24:04'),
(767, 'Dessie', 'Spencer', 22, 614, 'kovacek.buford@example.net', '2012-11-28 05:02:04', '1993-07-01 21:42:47'),
(768, 'Raleigh', 'Wuckert', 1, 618211, 'yhickle@example.net', '2011-03-29 14:41:20', '1987-12-12 23:13:44'),
(769, 'Aliya', 'Nicolas', 497, 6285, 'ottilie21@example.com', '2014-10-18 17:22:06', '2010-04-15 01:41:42'),
(770, 'Della', 'Bernier', 636, 3627, 'jamar13@example.net', '1988-10-04 02:26:53', '1998-08-15 10:14:47'),
(771, 'Mary', 'Koch', 647, 7, 'kuhn.rory@example.org', '2010-05-19 01:31:13', '1992-04-24 14:55:55'),
(772, 'Asa', 'Leffler', 69, 9641075, 'kcummings@example.net', '1972-10-27 07:34:29', '1984-09-15 01:31:38'),
(773, 'Evert', 'Dicki', 80, 7, 'etowne@example.net', '1983-05-07 15:27:28', '2001-03-21 07:23:12'),
(774, 'Sister', 'Kutch', 1, 2, 'ratke.alena@example.net', '1978-08-07 15:16:22', '2012-05-24 10:56:29'),
(775, 'Molly', 'Crist', 0, 514449654, 'urath@example.com', '1984-04-23 15:27:36', '2008-05-12 19:52:33'),
(776, 'Sallie', 'Price', 1, 512, 'qwyman@example.org', '1979-06-08 12:35:57', '1988-07-20 23:04:14'),
(777, 'Kailyn', 'Altenwerth', 1, 4, 'lamont.leannon@example.net', '1980-03-10 15:02:04', '2009-01-30 04:08:16'),
(778, 'Marjory', 'Fay', 1, 5, 'bartoletti.zoe@example.org', '2018-01-29 03:49:17', '2017-03-04 09:45:11'),
(779, 'Sheridan', 'Kihn', 843847, 6, 'cbosco@example.com', '1990-01-30 04:59:37', '2007-12-20 07:46:56'),
(780, 'Eve', 'Gislason', 1, 944, 'torrance.mckenzie@example.com', '1994-04-28 15:13:12', '1970-03-04 15:20:49'),
(781, 'Brandon', 'Metz', 60, 0, 'schneider.tess@example.com', '1979-11-26 06:12:41', '1989-03-08 15:12:57'),
(782, 'Candice', 'Lebsack', 0, 272126, 'aufderhar.merritt@example.org', '1975-04-07 08:32:25', '1990-08-15 09:14:43'),
(783, 'Seth', 'Ankunding', 43, 5095, 'boyer.ciara@example.com', '1983-04-21 23:32:12', '1995-09-21 13:46:08'),
(784, 'Alysha', 'Lindgren', 8388607, 4, 'lizeth53@example.org', '2014-06-05 15:49:50', '1982-05-25 21:29:30'),
(785, 'Foster', 'Wilkinson', 485994, 96, 'bertha76@example.com', '2013-10-07 23:29:29', '2010-11-27 00:47:00'),
(786, 'Henderson', 'Altenwerth', 8388607, 884873, 'cnader@example.net', '2011-12-07 01:02:34', '1984-05-31 10:18:56'),
(787, 'Maximilian', 'Klocko', 197626, 3853412, 'nikko86@example.org', '2000-11-12 17:37:04', '2005-09-16 22:58:59'),
(788, 'Emory', 'Daniel', 1, 63527083, 'jakayla.cartwright@example.com', '2005-05-14 04:22:29', '2001-05-16 10:38:09'),
(789, 'Jarod', 'Senger', 8388607, 650992578, 'cielo39@example.net', '2013-03-03 20:08:28', '2003-09-19 18:56:25'),
(790, 'Evelyn', 'Bode', 97, 41166131, 'braxton.wisozk@example.org', '2001-01-31 05:41:35', '1980-09-06 16:32:06'),
(791, 'Edmund', 'Nolan', 1, 89926, 'talia10@example.com', '2016-03-04 11:39:11', '1982-09-03 18:53:15'),
(792, 'Camylle', 'Dare', 0, 7, 'kenyatta.corwin@example.net', '1994-04-10 00:11:00', '1972-11-07 17:05:09'),
(793, 'Emery', 'Goyette', 805833, 59746936, 'berge.stella@example.org', '1988-01-04 23:47:49', '1994-07-13 15:36:58'),
(794, 'Shanelle', 'Runte', 1, 26937, 'waylon.wilderman@example.org', '1998-04-07 03:24:29', '1982-12-11 12:52:18'),
(795, 'Ted', 'Ondricka', 0, 344951, 'larson.nedra@example.org', '1976-03-26 13:55:52', '2004-07-11 04:23:38'),
(796, 'Anna', 'Hegmann', 1, 7161, 'gkonopelski@example.net', '1991-10-04 20:33:02', '2011-05-21 23:30:57'),
(797, 'Coby', 'Jenkins', 108, 709946, 'smitham.garrett@example.net', '2017-09-03 20:53:36', '1999-07-11 18:54:32'),
(798, 'Rogers', 'Beatty', 1, 367810, 'aniya61@example.org', '1975-09-29 04:01:16', '1978-03-24 19:16:31'),
(799, 'Elsa', 'Roberts', 8388607, 521, 'dauer@example.org', '1973-04-17 23:05:50', '2000-01-27 05:23:37'),
(800, 'Gonzalo', 'Spinka', 1, 777, 'elroy.krajcik@example.com', '2001-02-20 00:39:24', '1971-07-22 08:13:40'),
(801, 'Tate', 'O\'Hara', 655930, 39348740, 'esteban11@example.com', '2005-03-19 06:22:19', '1992-01-03 13:45:00'),
(802, 'Michel', 'Sporer', 393705, 7103, 'pbarton@example.com', '2015-11-28 18:27:10', '1982-09-10 02:28:53'),
(803, 'Quinton', 'Kertzmann', 392, 746104, 'price.brant@example.net', '1986-10-12 03:12:11', '2017-05-30 05:11:00'),
(804, 'Verla', 'Cremin', 1, 20, 'fhomenick@example.net', '2008-09-12 23:50:31', '1999-11-27 11:03:20'),
(805, 'Wilbert', 'Lakin', 0, 18, 'romaguera.geo@example.org', '2011-01-11 17:12:20', '2015-01-19 04:15:13'),
(806, 'Carlo', 'Jenkins', 892463, 232351672, 'mclaughlin.barry@example.org', '2007-01-27 11:44:28', '2017-11-28 07:15:01'),
(807, 'Edmund', 'Gusikowski', 1, 0, 'huels.joany@example.net', '2012-05-22 11:41:03', '1977-08-18 05:53:22'),
(808, 'Amira', 'West', 1, 59728010, 'rogers.braun@example.net', '2013-07-24 03:58:22', '2000-05-16 21:49:54'),
(809, 'Clifton', 'Ratke', 40, 7, 'witting.kristina@example.net', '1993-06-28 22:29:05', '1970-08-30 00:42:43'),
(810, 'Mac', 'Weimann', 1, 1711113, 'rogahn.derick@example.com', '1976-05-08 11:06:58', '1995-06-17 14:58:31'),
(811, 'Ezekiel', 'Kris', 0, 65407, 'rasheed.quigley@example.com', '2008-10-05 05:34:41', '1993-06-07 17:25:23'),
(812, 'Dolly', 'Jacobi', 0, 9688808, 'sim.sporer@example.net', '1990-07-14 23:28:53', '1973-12-25 05:40:12'),
(813, 'Jeff', 'Wolff', 1, 755302, 'mavis87@example.com', '2019-03-27 14:19:28', '2011-10-22 20:41:46'),
(814, 'Deja', 'Lockman', 9, 0, 'owunsch@example.org', '1972-07-23 20:28:53', '1995-06-08 04:43:27'),
(815, 'Colin', 'Bailey', 9001, 7725533, 'arvilla36@example.org', '2013-02-02 18:36:53', '1991-06-11 00:59:56'),
(816, 'Alvina', 'Bartoletti', 822931, 668, 'camryn01@example.org', '1971-07-22 17:57:31', '2019-05-27 23:05:53'),
(817, 'Jon', 'Russel', 1, 4831, 'yhickle@example.org', '2002-03-16 01:22:26', '2004-02-17 21:38:02'),
(818, 'Norwood', 'Erdman', 8388607, 66, 'rferry@example.org', '2013-01-08 08:39:07', '1984-07-10 22:06:31'),
(819, 'John', 'Dibbert', 0, 54851, 'shaylee.funk@example.com', '1993-02-07 21:49:26', '1999-12-18 06:19:21'),
(820, 'David', 'Thompson', 1, 92, 'efren51@example.org', '2018-11-09 14:30:42', '2018-11-29 14:22:27'),
(821, 'Aubrey', 'Kassulke', 971272, 30936, 'schamberger.ewell@example.net', '1982-04-29 11:07:19', '2006-02-07 22:16:48'),
(822, 'Cruz', 'Stracke', 1, 197, 'jonathon31@example.org', '1975-08-10 08:30:58', '2013-09-16 19:40:26'),
(823, 'Etha', 'Murphy', 947655, 11845, 'ondricka.wilber@example.com', '1994-11-05 01:13:30', '1981-09-17 01:52:25'),
(824, 'Kobe', 'Bogan', 90661, 56583159, 'chandler.hills@example.net', '1987-11-11 06:42:50', '2009-08-29 02:57:47'),
(825, 'Lukas', 'Luettgen', 214, 648, 'pedro20@example.net', '1995-01-08 08:16:55', '2017-06-02 12:59:03'),
(826, 'Bernard', 'Farrell', 8388607, 868379061, 'schuster.cruz@example.net', '2017-08-31 06:21:44', '2013-09-22 04:47:41'),
(827, 'Koby', 'Hane', 1, 686, 'xcruickshank@example.org', '2009-11-24 12:28:13', '1986-08-06 17:03:42'),
(828, 'Andrew', 'Bauch', 0, 897717, 'kborer@example.com', '1989-05-22 05:42:30', '1982-12-07 06:28:36'),
(829, 'Joey', 'Stiedemann', 0, 27, 'christ52@example.com', '2004-05-11 09:26:43', '1972-09-09 21:53:00'),
(830, 'Maryjane', 'Kessler', 1, 620, 'conner.waters@example.org', '1998-04-30 01:32:52', '1984-09-19 02:15:55'),
(831, 'Dewitt', 'Mann', 42, 72369033, 'mariana.mckenzie@example.com', '2001-04-04 01:42:10', '2013-04-06 15:44:53'),
(832, 'Elody', 'Gleichner', 410, 370469, 'nona.cremin@example.org', '1984-07-31 19:09:49', '1982-09-16 22:48:50'),
(833, 'Brianne', 'Collins', 324790, 5828049, 'mhauck@example.com', '1988-10-21 06:03:53', '1982-02-11 13:41:33'),
(834, 'Orpha', 'Satterfield', 118052, 5, 'lavonne18@example.net', '1983-05-21 14:41:27', '1995-03-22 02:24:20'),
(835, 'Tomasa', 'Wisozk', 8388607, 42813, 'brakus.wade@example.net', '1993-09-20 18:21:27', '1971-04-03 03:55:18'),
(836, 'Johnnie', 'Rau', 1, 8, 'pearl44@example.com', '2010-04-30 19:25:31', '1977-02-20 12:41:00'),
(837, 'Madisyn', 'Boyer', 0, 0, 'owen.batz@example.org', '1974-08-26 19:29:30', '2001-04-23 07:49:24'),
(838, 'Clifton', 'Donnelly', 1, 56, 'qschiller@example.com', '2003-01-21 23:23:12', '1989-08-06 07:32:08'),
(839, 'Evans', 'Daugherty', 17, 55647322, 'zratke@example.net', '2006-09-11 06:00:49', '1993-06-06 07:57:50'),
(840, 'Jenifer', 'Bechtelar', 786035, 8, 'sharon.homenick@example.net', '2013-02-01 21:00:11', '1999-01-20 18:04:32'),
(841, 'Jazmyne', 'Tromp', 1, 51168, 'pagac.eliane@example.org', '2005-12-22 10:46:45', '1977-04-24 11:11:34'),
(842, 'Camila', 'Lemke', 822, 24540, 'arunolfsson@example.net', '1989-07-15 06:31:50', '1984-01-22 08:31:18'),
(843, 'Trent', 'Goldner', 1, 109629408, 'roberts.alison@example.net', '2014-01-02 12:27:27', '1979-06-11 04:18:25'),
(844, 'Nya', 'Abernathy', 1, 4, 'halvorson.nelda@example.com', '1997-11-16 01:22:34', '2009-06-17 10:37:59'),
(845, 'Ari', 'Pagac', 0, 28857005, 'tlemke@example.com', '1988-02-22 03:57:31', '1971-09-15 20:55:13'),
(846, 'Phyllis', 'Rosenbaum', 952766, 85999700, 'rossie07@example.net', '2008-02-03 13:08:55', '1990-02-26 07:29:52'),
(847, 'Kenna', 'Upton', 939, 9, 'beer.coralie@example.net', '1977-09-16 23:50:24', '1983-08-07 01:34:54'),
(848, 'Jarred', 'Lowe', 794706, 53801023, 'genevieve.nienow@example.com', '2014-01-24 11:33:43', '1978-01-11 03:29:44'),
(849, 'Seth', 'Gislason', 0, 8796429, 'macey.kling@example.org', '1989-05-28 15:04:23', '2017-12-17 14:06:34'),
(850, 'Javon', 'Schumm', 489259, 41, 'emanuel93@example.org', '2014-02-07 13:20:56', '1983-12-20 22:56:04'),
(851, 'Hilton', 'Simonis', 1, 0, 'dortha.kiehn@example.net', '1984-08-15 11:01:32', '1995-06-05 05:00:54'),
(852, 'Haley', 'Walsh', 1, 5524, 'yasmin71@example.org', '1988-01-02 23:16:54', '1980-12-04 06:38:13'),
(853, 'Uriah', 'Crooks', 0, 581576948, 'royce51@example.net', '1983-06-07 11:24:10', '2004-04-25 04:51:41'),
(854, 'Virgil', 'Gleason', 8388607, 4664943, 'koelpin.jazmyne@example.org', '1978-06-13 12:24:43', '2009-08-10 11:37:28'),
(855, 'Christine', 'Altenwerth', 72, 8, 'sdare@example.org', '2005-12-07 12:38:37', '2004-06-13 08:27:57'),
(856, 'Arnoldo', 'Schaefer', 281, 719718, 'xluettgen@example.com', '2016-12-22 14:57:56', '2005-08-10 19:55:43'),
(857, 'Kaitlin', 'Schroeder', 28248, 422, 'alfreda.heaney@example.net', '2016-01-12 09:25:10', '2010-11-16 19:15:33'),
(858, 'Shannon', 'Bruen', 8388607, 4775698, 'palma64@example.org', '1986-05-23 23:20:15', '1996-06-13 05:20:29'),
(859, 'Buster', 'Towne', 0, 0, 'gskiles@example.org', '1986-08-07 02:17:53', '1995-02-20 20:28:17'),
(860, 'Lance', 'Streich', 707614, 8961, 'major10@example.net', '2011-04-02 15:48:29', '1970-05-22 19:17:27'),
(861, 'Serenity', 'Kilback', 438916, 0, 'ikeebler@example.com', '2002-01-31 21:36:42', '1991-08-03 11:05:21'),
(862, 'Oswald', 'Lemke', 107, 852, 'mercedes.kiehn@example.com', '1985-08-17 13:14:34', '1985-11-23 18:58:17'),
(863, 'Gudrun', 'Bergnaum', 1, 2133727, 'elliott84@example.com', '1987-11-25 19:49:36', '2013-04-29 00:34:23'),
(864, 'Stephan', 'Ruecker', 530525, 3, 'lesch.arthur@example.org', '1999-03-26 18:37:01', '1983-08-11 21:22:31'),
(865, 'Brendon', 'Crist', 8388607, 384996, 'elueilwitz@example.net', '1989-03-04 19:40:12', '1976-09-24 09:59:28'),
(866, 'Justine', 'Kuhic', 397871, 56332, 'crist.elaina@example.org', '2019-09-03 12:02:52', '1975-11-05 02:54:16'),
(867, 'Angelo', 'Littel', 1, 1443, 'hlesch@example.net', '2016-01-26 14:17:01', '2019-04-24 01:12:18'),
(868, 'Darrell', 'Leannon', 8388607, 3254, 'kkirlin@example.org', '1997-10-09 05:43:25', '1999-12-26 23:03:46'),
(869, 'Ross', 'Block', 0, 70, 'estokes@example.net', '1988-06-15 18:22:13', '2014-01-25 09:05:19'),
(870, 'Elyse', 'Roob', 0, 697, 'turner.robin@example.com', '1983-12-01 17:56:52', '1994-09-07 16:48:24'),
(871, 'Everette', 'O\'Connell', 1, 94041, 'henderson.halvorson@example.net', '1994-09-23 07:13:04', '1982-02-04 01:03:31'),
(872, 'Christiana', 'Klein', 0, 12, 'bartoletti.celine@example.org', '2008-07-27 19:04:29', '2016-06-25 07:00:30'),
(873, 'Lillie', 'Spencer', 111017, 3431110, 'ratke.nya@example.com', '1981-06-21 11:07:09', '1993-10-01 11:42:09'),
(874, 'Rosalind', 'Stark', 8388607, 35, 'collins.samir@example.org', '2018-02-14 10:26:49', '2010-04-13 20:24:15'),
(875, 'Veda', 'Fay', 1, 0, 'kamren.stracke@example.org', '1988-03-19 18:50:20', '2013-12-22 20:01:11'),
(876, 'Mikayla', 'Windler', 795916, 894, 'frederick.parker@example.org', '2005-07-03 18:31:56', '1994-02-22 19:32:51'),
(877, 'Shea', 'Abshire', 399245, 8, 'pwaelchi@example.com', '1990-06-24 15:39:40', '2005-11-30 04:41:54'),
(878, 'Idell', 'Buckridge', 0, 856, 'russel.mohammed@example.org', '1990-04-24 09:42:59', '2009-12-20 01:27:49'),
(879, 'Mittie', 'Lindgren', 0, 4, 'jdavis@example.org', '2010-03-21 19:17:01', '2008-02-16 07:15:47'),
(880, 'Eudora', 'Davis', 446, 83531, 'isidro05@example.net', '2006-09-29 16:04:19', '1997-08-02 18:20:52'),
(881, 'Jaylan', 'Heaney', 0, 64, 'acollins@example.com', '1973-11-30 22:54:41', '1989-12-16 06:41:26'),
(882, 'Delilah', 'Reilly', 0, 900218, 'vonrueden.trace@example.net', '1988-07-12 21:51:00', '1980-05-29 15:51:45'),
(883, 'Assunta', 'Kulas', 911, 1, 'danielle.roob@example.com', '1997-11-23 10:51:50', '1985-12-11 08:47:59'),
(884, 'Quinton', 'Swift', 522, 0, 'kreiger.sandy@example.net', '1994-03-17 20:14:23', '2005-05-10 04:37:55'),
(885, 'Anibal', 'Heidenreich', 1, 6615, 'leda50@example.com', '2016-09-02 14:08:31', '1998-09-30 01:59:08'),
(886, 'Kole', 'Wolf', 0, 5788054, 'reinhold.stark@example.net', '2010-01-06 16:37:32', '2012-07-03 16:29:37'),
(887, 'Valentin', 'Hagenes', 21, 0, 'orval78@example.org', '1977-06-02 01:39:27', '1997-05-07 10:22:05'),
(888, 'Sophia', 'McClure', 917140, 70346193, 'lueilwitz.ken@example.org', '2015-01-25 14:55:11', '1978-09-29 06:24:11'),
(889, 'Gerry', 'Cronin', 919568, 592165, 'emedhurst@example.org', '1980-10-27 03:05:29', '1972-08-28 02:42:23'),
(890, 'Litzy', 'Bergstrom', 1, 3797, 'qpurdy@example.net', '1996-08-04 03:43:06', '1997-11-10 04:13:26'),
(891, 'Brooklyn', 'Kertzmann', 325239, 6, 'thomas.lubowitz@example.org', '1986-08-22 20:22:35', '2017-10-21 12:58:01'),
(892, 'Jabari', 'Sipes', 0, 49668, 'abruen@example.net', '1991-06-24 06:37:55', '1998-09-28 12:19:53'),
(893, 'Carmel', 'Schamberger', 3417, 5695, 'bernhard.lorine@example.net', '2001-09-01 11:00:32', '1985-01-04 13:15:03'),
(894, 'Leatha', 'Wiegand', 863, 57491, 'goldner.amina@example.net', '2019-08-20 10:59:42', '1981-12-26 08:32:30'),
(895, 'Kevin', 'Jast', 367, 40, 'makenna25@example.org', '2002-03-12 03:26:33', '1982-04-20 22:45:43'),
(896, 'Archibald', 'Lowe', 1, 9142742, 'willow.hand@example.com', '1988-10-27 17:43:51', '1983-11-11 14:01:25'),
(897, 'Wyatt', 'VonRueden', 1, 303483, 'lexus.halvorson@example.org', '2004-02-08 23:42:45', '1977-10-05 10:38:46'),
(898, 'Morgan', 'Marquardt', 33685, 40298, 'iboyer@example.net', '1997-08-26 03:21:59', '2011-05-05 07:22:42'),
(899, 'Adalberto', 'Vandervort', 483, 2962392, 'toy.kris@example.net', '2009-04-20 05:39:54', '2004-04-08 23:32:42'),
(900, 'Mariana', 'Ryan', 17651, 416741583, 'emmerich.roslyn@example.net', '1995-12-20 18:04:45', '2012-01-03 23:25:29'),
(901, 'Kurt', 'Senger', 15, 52122, 'nhackett@example.net', '2007-06-27 03:26:36', '2007-08-24 10:17:18'),
(902, 'Wilburn', 'Green', 8388607, 5, 'raphaelle.sipes@example.com', '1979-09-21 07:51:09', '1978-02-14 06:41:08'),
(903, 'Kaya', 'Hackett', 95, 97, 'thayes@example.net', '2007-02-28 00:08:09', '2003-04-06 00:58:14'),
(904, 'Harmony', 'Ryan', 666, 77, 'aschiller@example.com', '2016-11-18 20:05:49', '1985-11-08 10:16:58'),
(905, 'Chyna', 'Zulauf', 15, 109, 'kylie69@example.org', '1990-04-19 14:47:53', '1982-05-04 06:43:39'),
(906, 'Bella', 'Morar', 0, 0, 'noel56@example.net', '1999-12-15 18:27:35', '1999-09-24 12:20:20'),
(907, 'Rasheed', 'Spencer', 1, 22939, 'lubowitz.aryanna@example.org', '1986-08-18 04:35:37', '2014-07-08 15:24:43'),
(908, 'Laverne', 'Dibbert', 471, 31, 'buckridge.johnny@example.org', '2017-11-26 03:34:04', '2018-08-07 20:12:40'),
(909, 'Alexanne', 'Bogisich', 17, 38454288, 'dessie.schultz@example.org', '2008-02-18 20:27:04', '1997-03-18 14:31:22'),
(910, 'Elvera', 'Steuber', 937, 26304, 'dgulgowski@example.org', '1993-02-19 10:44:00', '1991-07-17 02:45:24'),
(911, 'Marta', 'Hansen', 922, 504, 'magali61@example.com', '1976-06-20 00:01:05', '1971-08-21 10:26:17'),
(912, 'Rollin', 'Grady', 841, 0, 'zreinger@example.org', '1982-01-24 03:16:34', '1996-03-03 18:04:28'),
(913, 'Meta', 'Brakus', 1, 81245646, 'xhoppe@example.org', '1978-10-21 11:48:32', '1993-03-08 20:16:50');
INSERT INTO `clients` (`client_id`, `firstname`, `lastname`, `contact_no`, `age`, `email`, `created_at`, `updated_at`) VALUES
(914, 'Jason', 'Wisozk', 468, 0, 'janae.effertz@example.org', '1979-10-22 12:16:08', '1984-04-23 09:16:57'),
(915, 'Margie', 'Zboncak', 935, 118, 'ukulas@example.net', '1994-06-04 01:45:34', '1985-06-17 21:20:37'),
(916, 'Darius', 'Fahey', 973, 2106, 'haley73@example.com', '1995-09-23 13:05:07', '2017-12-26 19:35:45'),
(917, 'Kaden', 'Kunze', 47, 0, 'price.prince@example.net', '2012-07-31 02:55:19', '1986-05-19 09:04:59'),
(918, 'Luna', 'Sauer', 368229, 0, 'nicolas.angelita@example.org', '1987-09-20 04:12:43', '1985-02-11 09:37:10'),
(919, 'Aracely', 'Gerlach', 1, 3, 'imani.ziemann@example.net', '2019-05-03 21:44:43', '1984-09-30 02:10:44'),
(920, 'Carlos', 'Schumm', 0, 151736, 'weimann.laverne@example.net', '1977-09-03 02:00:27', '1990-07-12 14:01:17'),
(921, 'Demond', 'Mohr', 361786, 9, 'corwin.corrine@example.com', '2001-08-27 14:52:15', '2018-06-08 09:14:36'),
(922, 'Lionel', 'Dach', 26, 48933, 'wilkinson.carroll@example.com', '2013-08-23 22:23:22', '1991-03-02 00:22:25'),
(923, 'Roger', 'Ebert', 19, 0, 'ethyl46@example.net', '2005-03-19 21:57:30', '1980-05-25 16:07:48'),
(924, 'Kobe', 'Crooks', 621, 7808, 'holden52@example.org', '2004-05-04 13:31:14', '1989-05-09 13:30:29'),
(925, 'Logan', 'Will', 814, 0, 'abbey63@example.org', '1996-12-09 05:50:28', '2000-12-10 21:15:18'),
(926, 'Rhiannon', 'Schaefer', 1, 83590691, 'aurore.corwin@example.net', '1980-04-01 05:27:15', '2005-07-27 16:23:14'),
(927, 'Mack', 'Labadie', 14281, 2622024, 'veum.stacey@example.net', '1994-12-07 05:52:20', '1995-12-04 09:49:29'),
(928, 'Angelo', 'Kerluke', 0, 80, 'watsica.augustine@example.org', '1989-08-06 07:10:04', '2010-10-26 12:23:23'),
(929, 'Horace', 'Schuster', 911799, 6659695, 'adrienne68@example.com', '1977-09-29 14:16:37', '1978-06-01 08:23:20'),
(930, 'Haven', 'Crist', 95787, 846, 'plabadie@example.com', '2004-07-24 15:55:22', '1971-03-29 16:13:13'),
(931, 'Armand', 'O\'Kon', 1, 4222822, 'ondricka.esther@example.com', '1979-03-03 20:02:12', '1989-06-03 23:59:31'),
(932, 'Stevie', 'Koelpin', 334, 3, 'stracke.avis@example.org', '2012-11-25 00:09:14', '1974-01-13 01:17:46'),
(933, 'Pasquale', 'Parker', 291, 55292735, 'emile.mraz@example.org', '1998-09-26 17:02:49', '1972-05-04 23:16:44'),
(934, 'Shaina', 'Greenholt', 942876, 0, 'blick.lourdes@example.org', '1975-12-28 01:05:42', '1999-10-03 19:08:45'),
(935, 'Bernadette', 'Hegmann', 0, 164278, 'hintz.ophelia@example.com', '2015-05-17 15:29:27', '2006-04-03 06:05:59'),
(936, 'Wilson', 'Sauer', 0, 443841756, 'diana34@example.net', '1981-09-05 06:37:23', '2002-10-18 00:15:33'),
(937, 'Mavis', 'Zboncak', 472778, 595371, 'boehm.rhea@example.org', '1976-07-18 21:10:56', '2016-07-29 00:22:00'),
(938, 'Ryley', 'Will', 63, 6, 'denesik.genoveva@example.com', '1994-07-01 19:02:29', '2001-07-17 13:19:49'),
(939, 'Monique', 'Lueilwitz', 8388607, 93967898, 'funk.lera@example.com', '1995-08-20 03:40:32', '1987-07-23 02:41:59'),
(940, 'Dawson', 'Aufderhar', 44885, 88293, 'ethelyn.mante@example.com', '1978-03-12 00:41:32', '1990-10-03 01:05:08'),
(941, 'Abbigail', 'Nikolaus', 1, 0, 'cole.louvenia@example.com', '1984-08-12 18:28:28', '2016-02-24 05:30:42'),
(942, 'Adolph', 'Rippin', 85, 44798394, 'terry.luciano@example.org', '1981-03-16 08:23:00', '2004-06-15 16:18:54'),
(943, 'Shirley', 'Mann', 38, 936624329, 'uriel.cormier@example.net', '1995-11-07 05:58:10', '2013-02-05 02:10:25'),
(944, 'Pinkie', 'Stokes', 1, 16717, 'aurelie18@example.com', '1983-04-27 05:59:46', '1988-11-30 03:32:54'),
(945, 'Vicente', 'Lakin', 506300, 508, 'amely.johnston@example.com', '1980-01-07 12:49:11', '2014-09-18 04:00:51'),
(946, 'Zoie', 'Rowe', 1, 0, 'amelia.carroll@example.net', '1998-05-29 06:48:22', '2014-10-18 06:28:55'),
(947, 'Randy', 'Purdy', 1, 96993, 'adela.lehner@example.net', '1981-02-22 08:06:10', '1986-10-16 02:30:16'),
(948, 'Anthony', 'Boyer', 1, 865, 'rosemary.stiedemann@example.com', '2017-10-08 00:11:10', '1999-07-18 03:31:13'),
(949, 'Jackie', 'Braun', 14, 920, 'yhauck@example.net', '2006-10-27 02:33:47', '1996-12-09 23:02:27'),
(950, 'Juliana', 'Collier', 0, 349342482, 'carolina.funk@example.org', '1982-09-06 04:54:59', '2013-10-14 20:39:44'),
(951, 'Susie', 'Koepp', 0, 4465938, 'elijah.koelpin@example.org', '2006-08-11 02:40:26', '2007-08-07 15:55:50'),
(952, 'Virgie', 'Mayer', 78, 482134, 'hhudson@example.net', '2010-02-16 10:25:25', '2018-04-17 18:33:01'),
(953, 'Layne', 'Gleason', 505442, 5507164, 'zhudson@example.org', '1992-08-30 21:15:10', '1999-08-04 18:54:00'),
(954, 'Adeline', 'Murray', 0, 726228, 'vspencer@example.net', '2011-05-17 23:31:58', '2005-01-04 14:04:59'),
(955, 'Willa', 'Johnston', 1, 0, 'labadie.gabriel@example.com', '2005-09-24 17:29:25', '1973-07-31 22:05:37'),
(956, 'Melany', 'Skiles', 0, 853549123, 'allan.okuneva@example.org', '1999-05-20 11:27:23', '1982-10-04 04:52:58'),
(957, 'Americo', 'Jones', 8388607, 880764, 'watsica.cara@example.org', '2018-02-11 03:06:40', '2017-03-29 11:18:20'),
(958, 'Onie', 'Labadie', 0, 244511651, 'lebsack.may@example.net', '1989-08-12 23:52:59', '1979-08-18 05:45:12'),
(959, 'Bria', 'Ruecker', 0, 56329227, 'asimonis@example.org', '1976-07-05 20:02:06', '2014-06-15 03:55:19'),
(960, 'Kristina', 'Turner', 677, 528504044, 'nakia64@example.net', '1998-03-24 18:28:10', '2000-09-23 03:07:38'),
(961, 'Juwan', 'Kub', 1, 84, 'sid.abshire@example.net', '2008-12-01 08:57:56', '1986-12-08 08:33:54'),
(962, 'Steve', 'Hermann', 298, 59417, 'ckerluke@example.org', '1985-08-25 23:43:40', '2014-02-25 11:09:30'),
(963, 'Jadon', 'Lesch', 89233, 2865, 'issac.white@example.net', '1990-07-29 10:17:03', '1973-04-24 19:46:26'),
(964, 'Kenya', 'Bode', 8388607, 0, 'alvah13@example.org', '1985-04-21 14:20:00', '1998-08-24 19:11:50'),
(965, 'Ernestina', 'Streich', 404, 911199249, 'kari13@example.com', '2010-05-13 03:09:15', '1991-10-21 18:36:43'),
(966, 'Terrance', 'Brakus', 1, 716, 'rasheed.monahan@example.net', '1974-06-15 00:55:19', '1986-11-12 09:01:43'),
(967, 'Ila', 'Haley', 8388607, 925, 'alexa81@example.org', '2003-12-25 04:31:28', '1989-05-15 10:08:27'),
(968, 'Ephraim', 'Reichel', 0, 79537, 'nprohaska@example.org', '1996-05-11 05:19:10', '1973-05-21 16:10:27'),
(969, 'Cary', 'Ullrich', 902, 7181, 'monserrat.stoltenberg@example.org', '1980-04-12 20:29:04', '1981-01-20 05:58:34'),
(970, 'Willie', 'Bosco', 8388607, 851956, 'francisca.daugherty@example.org', '2018-12-12 08:44:21', '1985-11-10 22:08:13'),
(971, 'Ibrahim', 'Monahan', 8388607, 84, 'lemuel05@example.org', '1988-03-22 05:01:38', '1990-04-04 06:49:32'),
(972, 'Eugene', 'Bosco', 0, 8, 'ahmed.gutkowski@example.net', '1976-05-06 09:39:11', '1971-11-29 20:48:39'),
(973, 'Amparo', 'DuBuque', 18, 197000160, 'schoen.marisol@example.org', '2009-03-21 23:39:36', '1973-06-10 21:01:00'),
(974, 'Stanton', 'Paucek', 111, 28, 'katharina67@example.com', '1986-10-05 19:46:37', '1974-05-12 00:41:42'),
(975, 'Madison', 'Heidenreich', 315908, 564640037, 'ablock@example.org', '2009-01-24 12:16:09', '1997-12-12 10:38:02'),
(976, 'Raul', 'Mayert', 518, 1958144, 'keyshawn.spencer@example.net', '1990-10-20 02:27:33', '2003-04-28 20:29:49'),
(977, 'Jovani', 'Goldner', 0, 3, 'jerrold36@example.org', '2009-11-14 15:14:23', '2015-03-22 01:24:29'),
(978, 'Nona', 'Emard', 56, 20, 'wdicki@example.org', '2015-12-30 04:15:48', '2016-09-20 06:33:12'),
(979, 'Caroline', 'Trantow', 343225, 7, 'eula.berge@example.com', '2000-11-19 06:48:14', '1986-04-24 08:03:51'),
(980, 'Greg', 'Mayer', 54, 616, 'zemlak.marianna@example.net', '2017-02-10 10:48:12', '1985-09-10 10:21:54'),
(981, 'Zack', 'Hyatt', 8388607, 0, 'bobbie77@example.net', '1971-07-27 21:16:29', '2004-03-05 06:18:29'),
(982, 'Shanon', 'Mosciski', 1, 0, 'considine.royce@example.net', '1980-07-17 09:27:32', '1991-05-27 05:45:44'),
(983, 'Mohammed', 'Satterfield', 1, 89788099, 'ciara21@example.com', '2009-01-19 13:38:20', '1973-12-02 00:50:45'),
(984, 'Curtis', 'Gleichner', 0, 0, 'temmerich@example.org', '2012-10-29 04:00:01', '1976-07-08 09:49:11'),
(985, 'Annabelle', 'Lindgren', 41278, 18749594, 'kuhn.terrence@example.com', '1987-07-12 09:34:21', '1978-05-24 08:08:00'),
(986, 'Mitchell', 'Thiel', 780, 5006, 'deborah35@example.org', '2013-11-07 04:07:40', '1978-03-20 08:10:20'),
(987, 'Chet', 'Mueller', 1, 77058927, 'sauer.bradford@example.com', '1970-09-04 21:13:46', '1973-05-30 15:23:32'),
(988, 'Irwin', 'Skiles', 8388607, 139674471, 'rosenbaum.daniela@example.org', '2007-07-08 15:27:44', '1986-02-24 18:32:58'),
(989, 'Ayla', 'Barrows', 0, 75174, 'nschimmel@example.net', '1989-10-27 23:28:19', '1990-03-16 17:38:31'),
(990, 'Brody', 'Langworth', 1, 0, 'taylor.hessel@example.net', '2010-05-05 01:14:18', '1993-06-11 10:53:09'),
(991, 'Kevin', 'Vandervort', 276754, 778603, 'percy.bahringer@example.com', '1989-01-03 03:43:15', '1990-12-14 20:01:19'),
(992, 'Foster', 'Keeling', 801120, 24, 'aroob@example.net', '1976-07-25 23:45:17', '2013-11-19 12:49:33'),
(993, 'Stefanie', 'Reinger', 8388607, 283499, 'khalil.nolan@example.net', '1999-10-11 10:44:37', '2008-02-03 20:28:19'),
(994, 'Mathew', 'Buckridge', 0, 7, 'yluettgen@example.com', '2012-07-07 13:44:32', '2003-03-12 20:58:36'),
(995, 'Lucie', 'Hamill', 832107, 73411, 'hane.horace@example.org', '2016-12-01 21:53:58', '1984-07-11 02:08:51'),
(996, 'Fermin', 'Gutmann', 8388607, 5, 'meggie97@example.net', '2008-04-21 01:31:38', '1995-01-02 18:55:14'),
(997, 'Ruth', 'Gleichner', 135942, 9521520, 'chickle@example.org', '2018-02-28 11:09:13', '1998-01-13 06:13:27'),
(998, 'Joshua', 'Renner', 982788, 690027, 'aracely72@example.org', '1992-04-12 17:22:04', '2008-12-06 20:45:33'),
(999, 'Cora', 'Balistreri', 851, 49719880, 'alessandro.o\'reilly@example.com', '1988-04-04 13:43:12', '2004-06-03 05:22:54'),
(1000, 'Brycen', 'McGlynn', 0, 827492, 'lfunk@example.org', '2005-05-15 23:35:48', '2011-09-29 02:09:54'),
(1001, 'Darrick', 'Rodriguez', 566, 6850, 'huel.aditya@example.org', '1970-11-18 07:55:37', '2015-07-27 16:34:57'),
(1002, 'fasfa', 'aewfa', 45646, 23, 'afawef', '2019-10-13 08:32:18', '2019-10-13 08:32:18'),
(1003, 'asda', 'asdff', 123, 12, 'haeeg', '2019-11-16 11:14:08', '2019-11-16 11:14:08'),
(1004, 'Arnel', 'Agusdan', 9773267632, 21, 'arnel.brightside@gmail.com', '2019-12-29 04:13:47', '2019-12-29 04:13:47'),
(1005, 'Arnel', 'Agusdan', 9773267632, 21, 'arnel.brightside@gmail.com', '2019-12-29 04:15:13', '2019-12-29 04:15:13'),
(1006, 'Arnel', 'Agusdan', 9773267632, 21, 'arnel.brightside@gmail.com', '2019-12-29 04:16:27', '2019-12-29 04:16:27'),
(1007, 'Arnel', 'Agusdan', 9773267632, 21, 'arnel.brightside@gmail.com', '2019-12-29 04:19:46', '2019-12-29 04:19:46'),
(1008, 'Arnel', 'Agusdan', 9773267632, 21, 'arnel.brightside@gmail.com', '2019-12-29 04:20:24', '2019-12-29 04:20:24'),
(1009, 'Arnel', 'Agusdan', 9773267632, 21, 'arnel.brightside@gmail.com', '2019-12-29 04:20:32', '2019-12-29 04:20:32'),
(1010, 'Arnel', 'Agusdan', 9773267632, 21, 'arnel.brightside@gmail.com', '2019-12-29 04:21:29', '2019-12-29 04:21:29'),
(1011, 'Arnel', 'Agusdan', 9773267632, 21, 'arnel.brightside@gmail.com', '2019-12-29 04:21:59', '2019-12-29 04:21:59'),
(1012, 'Arnel', 'Cabaling', 9773267632, 22, 'arnel.brightside@gmail.com', '2019-12-29 04:25:56', '2019-12-29 04:25:56'),
(1013, 'Vladimir', 'Putin', 9193778945, 30, 'putin@somewhere.ru', '2019-12-29 05:29:20', '2019-12-29 05:29:20'),
(1014, 'Arnel', 'Agusdan', 9773267632, 21, 'arnel.brightside@gmail.com', '2020-01-06 19:39:09', '2020-01-06 19:39:09');

-- --------------------------------------------------------

--
-- Table structure for table `deliveries`
--

CREATE TABLE `deliveries` (
  `id` int(11) NOT NULL,
  `deliveryNo` int(11) NOT NULL,
  `status` enum('Ongoing','Delivered') NOT NULL,
  `date_delivered` timestamp NOT NULL DEFAULT CURRENT_TIMESTAMP ON UPDATE CURRENT_TIMESTAMP,
  `date_completed` date DEFAULT NULL
) ENGINE=InnoDB DEFAULT CHARSET=latin1;

--
-- Dumping data for table `deliveries`
--

INSERT INTO `deliveries` (`id`, `deliveryNo`, `status`, `date_delivered`, `date_completed`) VALUES
(18, 100, 'Ongoing', '2019-11-22 01:17:01', NULL),
(19, 215, 'Ongoing', '2019-11-22 02:59:48', NULL);

-- --------------------------------------------------------

--
-- Table structure for table `joborders`
--

CREATE TABLE `joborders` (
  `id` int(11) NOT NULL,
  `cus_id` int(11) NOT NULL,
  `pro_id` int(11) NOT NULL,
  `qty` int(11) NOT NULL,
  `price` float NOT NULL,
  `dis` decimal(10,0) NOT NULL,
  `amount` float NOT NULL,
  `created_at` timestamp NOT NULL DEFAULT CURRENT_TIMESTAMP ON UPDATE CURRENT_TIMESTAMP,
  `updated_at` timestamp NULL DEFAULT NULL
) ENGINE=InnoDB DEFAULT CHARSET=latin1;

--
-- Dumping data for table `joborders`
--

INSERT INTO `joborders` (`id`, `cus_id`, `pro_id`, `qty`, `price`, `dis`, `amount`, `created_at`, `updated_at`) VALUES
(5, 5, 2, 3, 209.75, '25', 471.938, '2019-12-27 17:58:48', NULL),
(6, 5, 3, 5, 169.75, '0', 848.75, '2019-12-27 17:58:48', NULL),
(7, 5, 1, 8, 249.75, '50', 999, '2019-12-27 17:58:48', NULL),
(8, 6, 3, 8, 169.75, '25', 1018.5, '2019-12-27 18:40:41', NULL),
(9, 6, 1, 3, 249.75, '75', 187.312, '2019-12-27 18:40:41', NULL),
(10, 6, 2, 5, 209.75, '50', 524.375, '2019-12-27 18:40:41', NULL),
(11, 7, 1, 5, 249.75, '50', 624.375, '2019-12-29 05:30:11', NULL),
(12, 7, 2, 25, 209.75, '24', 3985.25, '2019-12-29 05:30:11', NULL);

-- --------------------------------------------------------

--
-- Table structure for table `job_order`
--

CREATE TABLE `job_order` (
  `jo_id` int(10) UNSIGNED NOT NULL,
  `client_id` int(10) UNSIGNED NOT NULL,
  `mechanic_id` int(10) UNSIGNED NOT NULL,
  `vehicle_id` int(10) UNSIGNED NOT NULL,
  `product_id` int(10) UNSIGNED NOT NULL,
  `service_id` int(10) NOT NULL,
  `quantity` int(11) NOT NULL,
  `total` int(10) NOT NULL,
  `status` int(11) NOT NULL,
  `date_created` timestamp NULL DEFAULT NULL
) ENGINE=MyISAM DEFAULT CHARSET=latin1;

--
-- Dumping data for table `job_order`
--

INSERT INTO `job_order` (`jo_id`, `client_id`, `mechanic_id`, `vehicle_id`, `product_id`, `service_id`, `quantity`, `total`, `status`, `date_created`) VALUES
(1, 3, 1, 1, 26, 2, 3, 123, 1, '2019-09-30 16:00:00'),
(2, 27, 3, 1, 35, 1, 3, 64671, 1, NULL),
(3, 27, 2, 2, 30, 1, 12, 134724, 1, NULL),
(4, 28, 1, 2, 30, 1, 34, 366962, 1, NULL),
(5, 28, 1, 2, 34, 1, 5, 53965, 1, NULL),
(6, 28, 2, 2, 29, 4, 69, 1179900, 1, NULL),
(7, 27, 2, 2, 26, 6, 500, 3756000, 1, NULL),
(8, 27, 2, 2, 27, 6, 1, 7512, 1, NULL);

-- --------------------------------------------------------

--
-- Table structure for table `mechanic`
--

CREATE TABLE `mechanic` (
  `mechanic_id` int(10) NOT NULL,
  `first_name` varchar(256) NOT NULL,
  `last_name` varchar(256) NOT NULL,
  `contact_no` varchar(16) NOT NULL,
  `address` varchar(512) NOT NULL,
  `date_created` datetime NOT NULL,
  `date_updated` timestamp NOT NULL DEFAULT CURRENT_TIMESTAMP ON UPDATE CURRENT_TIMESTAMP
) ENGINE=MyISAM DEFAULT CHARSET=latin1;

--
-- Dumping data for table `mechanic`
--

INSERT INTO `mechanic` (`mechanic_id`, `first_name`, `last_name`, `contact_no`, `address`, `date_created`, `date_updated`) VALUES
(1, 'Justine', 'Dungan', '923293', 'Bakakeng', '0000-00-00 00:00:00', '2019-10-14 07:04:22'),
(2, 'Jin', 'Woo', '09123456789', 'south korea', '0000-00-00 00:00:00', '2019-10-23 11:27:28'),
(3, 'Steve', 'Fox', '09987654321', 'boxing ring', '2019-10-15 00:00:00', '2019-10-23 11:31:21');

-- --------------------------------------------------------

--
-- Table structure for table `migrations`
--

CREATE TABLE `migrations` (
  `id` int(10) UNSIGNED NOT NULL,
  `migration` varchar(191) COLLATE utf8mb4_unicode_ci NOT NULL,
  `batch` int(11) NOT NULL
) ENGINE=InnoDB DEFAULT CHARSET=utf8mb4 COLLATE=utf8mb4_unicode_ci;

--
-- Dumping data for table `migrations`
--

INSERT INTO `migrations` (`id`, `migration`, `batch`) VALUES
(1, '2014_10_12_000000_create_users_table', 1),
(2, '2014_10_12_100000_create_password_resets_table', 1),
(3, '2019_02_27_140321_create_clients_table', 1),
(4, '2019_02_27_140500_create_products_table', 1),
(5, '2019_03_01_154714_create_provider_table', 1),
(6, '2019_03_01_155351_create_product_details_table', 1),
(7, '2019_03_11_042728_create_transactions_table', 1),
(8, '2019_04_20_072220_create_category_table', 1),
(9, '2019_04_27_160039_create_purchase_order', 1),
(10, '2019_04_27_160321_create_purchase_order_details', 1);

-- --------------------------------------------------------

--
-- Table structure for table `password_resets`
--

CREATE TABLE `password_resets` (
  `email` varchar(191) COLLATE utf8mb4_unicode_ci NOT NULL,
  `token` varchar(191) COLLATE utf8mb4_unicode_ci NOT NULL,
  `created_at` timestamp NULL DEFAULT NULL
) ENGINE=InnoDB DEFAULT CHARSET=utf8mb4 COLLATE=utf8mb4_unicode_ci;

-- --------------------------------------------------------

--
-- Table structure for table `products`
--

CREATE TABLE `products` (
  `product_id` int(10) UNSIGNED NOT NULL,
  `product_name` varchar(191) COLLATE utf8mb4_unicode_ci NOT NULL,
  `quantity` int(11) NOT NULL,
  `price` int(11) NOT NULL,
  `supplier_id` int(11) NOT NULL DEFAULT '1'
) ENGINE=InnoDB DEFAULT CHARSET=utf8mb4 COLLATE=utf8mb4_unicode_ci;

--
-- Dumping data for table `products`
--

INSERT INTO `products` (`product_id`, `product_name`, `quantity`, `price`, `supplier_id`) VALUES
(26, 'Microtex Tire Black 30ml w/ Conditioner', 20, 12, 1),
(27, 'Microtex Shampoo 1L', 24, 150, 1),
(28, 'Microtex Shampoo 2L', 12, 270, 2),
(29, 'Microtex Wash & Wax Twin Pack', 50, 15, 1),
(30, 'Microtex Wash & Wax 500ml', 36, 130, 1),
(31, 'Microtex Wash & Wax 1L', 2, 200, 1),
(32, 'Microtex Wash & Wax 2L', 2, 350, 1),
(33, 'Microtex Tire Black 30ml w/Conditioner', 594, 25, 1),
(34, 'Microtex Tire Black 125ml w/Conditioner', 24, 65, 1),
(35, 'Microtex Tire Black 250ml w/Conditioner', 12, 120, 1),
(36, 'Microtex Tire Black 500ml w/Conditioner', 10, 220, 1),
(37, 'Microtex Wash Mitt', 12, 330, 1),
(38, 'Microtex Wash Pad', 48, 130, 1),
(39, 'Microtex Chamois ', 24, 250, 1),
(40, 'Microtex Elite(Junior)', 6, 600, 1),
(41, 'Microtex Elite Junior(Towel)', 12, 33, 1),
(42, 'Microtex Suede', 24, 210, 1),
(43, 'Mircotex Terry', 12, 130, 1),
(44, 'Mircotex Plush', 12, 180, 1),
(45, 'Mircotex Ultra Plush', 12, 230, 2),
(46, 'Microtex Supreme', 6, 350, 2),
(47, 'praesentium', 212, 14687, 1),
(48, 'praesentium', 227, 11615, 1),
(49, 'vero', 138, 12689, 1),
(50, 'et', 183, 19911, 1),
(51, 'dignissimos', 91, 19938, 1),
(52, 'dicta', 259, 4785, 1),
(53, 'et', 300, 15783, 1),
(54, 'tempora', 61, 4401, 1),
(55, 'totam', 99, 6785, 1),
(56, 'minus', 193, 22138, 1),
(57, 'numquam', 217, 15950, 1),
(58, 'aut', 20, 11331, 1),
(59, 'minima', 289, 23793, 1),
(60, 'quia', 134, 14675, 1),
(61, 'inventore', 76, 6772, 1),
(62, 'mollitia', 7, 12901, 1),
(63, 'numquam', 303, 18483, 1),
(64, 'vel', 176, 4077, 1),
(65, 'ut', 304, 9884, 1),
(66, 'est', 32, 13476, 1),
(67, 'sequi', 284, 9994, 1),
(68, 'incidunt', 409, 7290, 1),
(69, 'vitae', 467, 13335, 1),
(70, 'necessitatibus', 242, 6063, 1),
(71, 'libero', 469, 20710, 1),
(72, 'ad', 154, 12053, 1),
(73, 'error', 65, 7186, 1),
(74, 'vitae', 107, 14716, 1),
(75, 'soluta', 396, 7125, 1),
(76, 'velit', 405, 3929, 1),
(77, 'ea', 345, 12837, 1),
(78, 'veniam', 477, 22583, 1),
(79, 'natus', 119, 24391, 1),
(80, 'at', 303, 10690, 1),
(81, 'saepe', 200, 2760, 1),
(82, 'qui', 69, 19931, 1),
(83, 'beatae', 230, 20299, 1),
(84, 'est', 40, 24982, 1),
(85, 'quaerat', 360, 12481, 1),
(86, 'est', 8, 11899, 1),
(87, 'laboriosam', 103, 15289, 1),
(88, 'maxime', 398, 8237, 1),
(89, 'asperiores', 176, 17397, 1),
(90, 'qui', 239, 11930, 1),
(91, 'nisi', 168, 2145, 1),
(92, 'vel', 222, 10901, 1),
(93, 'voluptatem', 105, 22709, 1),
(94, 'repellendus', 488, 11756, 1),
(95, 'dolore', 141, 3881, 1),
(96, 'non', 261, 22870, 1),
(97, 'sit', 179, 7412, 1),
(98, 'est', 395, 5368, 1),
(99, 'ut', 26, 3363, 1),
(100, 'quisquam', 106, 12022, 1),
(101, 'banana', 1233, 13, 1),
(102, 'condum', 23, 69, 1),
(103, 'ADFA', 1, 23, 1),
(104, 'adsw', 12, 12, 1),
(105, 'asf', 12, 12, 1);

-- --------------------------------------------------------

--
-- Table structure for table `product_details`
--

CREATE TABLE `product_details` (
  `product_id` int(11) UNSIGNED NOT NULL,
  `category_id` int(11) DEFAULT NULL,
  `brand` varchar(255) COLLATE utf8mb4_unicode_ci NOT NULL,
  `provider_id` int(10) UNSIGNED NOT NULL,
  `created_at` timestamp NULL DEFAULT NULL,
  `updated_at` timestamp NULL DEFAULT NULL
) ENGINE=InnoDB DEFAULT CHARSET=utf8mb4 COLLATE=utf8mb4_unicode_ci;

--
-- Dumping data for table `product_details`
--

INSERT INTO `product_details` (`product_id`, `category_id`, `brand`, `provider_id`, `created_at`, `updated_at`) VALUES
(26, NULL, 'facilis', 2, '1970-08-07 17:42:46', '2019-05-11 15:49:34'),
(27, NULL, 'ratione', 1, '1990-10-01 20:14:44', '1984-12-02 20:36:52'),
(28, NULL, 'animi', 2, '1994-02-12 02:38:13', '2012-07-26 07:41:21'),
(29, NULL, 'vel', 1, '1998-02-14 14:07:46', '1979-03-14 23:27:53'),
(30, NULL, 'sequi', 2, '2010-08-19 14:37:54', '2012-02-08 16:28:04'),
(31, NULL, 'minus', 1, '1984-06-24 12:56:44', '1972-05-11 05:39:38'),
(32, NULL, 'nostrum', 2, '1977-11-22 07:18:01', '2017-07-03 07:36:27'),
(33, NULL, 'aliquam', 1, '1971-12-08 17:15:03', '1982-09-07 01:33:16'),
(34, NULL, 'qui', 2, '2017-04-28 10:10:35', '1995-06-05 20:33:31'),
(35, NULL, 'alias', 1, '1976-07-13 22:49:44', '1985-10-21 14:41:06'),
(36, NULL, 'vitae', 2, '1998-01-15 18:38:46', '1972-08-06 14:05:28'),
(37, NULL, 'laborum', 1, '1971-04-10 20:10:06', '2002-02-17 01:59:04'),
(38, NULL, 'id', 2, '2000-04-07 23:36:58', '1986-03-03 14:33:41'),
(39, NULL, 'nesciunt', 1, '2004-05-16 23:16:21', '1996-11-26 07:44:40'),
(40, NULL, 'reiciendis', 2, '2003-06-08 05:07:23', '2006-10-20 08:26:35'),
(41, NULL, 'voluptatem', 1, '1983-10-21 14:38:49', '1970-10-21 16:47:11'),
(42, NULL, 'consequatur', 2, '1977-01-04 15:48:43', '1998-03-26 18:35:36'),
(43, NULL, 'id', 1, '1974-04-08 06:58:02', '1977-11-28 02:53:54'),
(44, NULL, 'et', 2, '2005-08-27 16:54:44', '1999-08-20 11:52:22'),
(45, NULL, 'error', 1, '1999-09-06 11:25:24', '1998-12-11 21:44:08'),
(46, NULL, 'non', 2, '1982-11-10 18:28:46', '1983-03-01 02:40:53'),
(47, NULL, 'harum', 1, '1996-04-05 21:16:38', '1984-04-24 12:41:44'),
(48, NULL, 'rerum', 2, '1999-06-01 07:59:04', '1979-02-06 09:05:18'),
(49, NULL, 'voluptatem', 1, '1999-06-05 15:44:09', '2012-02-10 02:54:44'),
(50, NULL, 'voluptate', 2, '1985-09-20 08:03:45', '1989-06-09 21:31:35'),
(51, NULL, 'iste', 1, '1978-08-07 21:59:17', '1995-12-22 05:05:47'),
(52, NULL, 'eligendi', 2, '1972-06-22 15:12:52', '1999-05-16 00:38:49'),
(53, NULL, 'maxime', 1, '2000-09-29 14:19:09', '1983-10-20 14:12:51'),
(54, NULL, 'quam', 2, '1977-07-19 11:01:22', '1998-03-15 13:34:01'),
(55, NULL, 'et', 1, '1987-11-23 05:57:12', '2009-10-16 22:47:44'),
(56, NULL, 'dicta', 2, '1991-10-27 01:47:38', '1991-10-04 04:46:09'),
(57, NULL, 'ex', 1, '1975-04-24 00:28:35', '1981-05-30 01:05:21'),
(58, NULL, 'quis', 2, '2015-11-08 17:30:15', '1980-10-26 19:26:25'),
(59, NULL, 'impedit', 1, '2009-05-28 03:42:31', '1981-06-20 22:17:28'),
(60, NULL, 'nihil', 2, '2002-09-16 00:47:16', '2013-12-18 23:30:04'),
(61, NULL, 'vel', 1, '1986-02-15 13:10:14', '1982-10-10 16:23:40'),
(62, NULL, 'aliquid', 2, '2007-08-29 16:14:36', '1973-07-13 19:33:44'),
(63, NULL, 'qui', 1, '2011-10-07 15:33:20', '2015-03-12 08:20:06'),
(64, NULL, 'ex', 2, '1990-10-13 09:06:18', '2002-09-24 09:02:58'),
(65, NULL, 'sit', 1, '2018-04-08 07:46:44', '1978-08-05 13:30:16'),
(66, NULL, 'sed', 2, '2000-02-28 05:06:32', '1978-04-29 12:59:26'),
(67, NULL, 'aspernatur', 1, '1986-01-16 00:39:46', '1992-05-16 14:49:56'),
(68, NULL, 'nisi', 2, '1987-07-31 10:20:13', '1976-04-11 19:09:34'),
(69, NULL, 'quod', 1, '2001-04-29 04:28:53', '1995-08-26 06:58:05'),
(70, NULL, 'repellat', 2, '1974-09-09 09:04:55', '1999-01-30 05:06:15'),
(71, NULL, 'aut', 1, '1983-07-26 20:01:57', '1974-11-22 06:49:29'),
(72, NULL, 'quidem', 2, '1991-05-14 14:35:59', '2006-06-29 05:25:43'),
(73, NULL, 'fugiat', 1, '1985-06-13 02:34:44', '1979-04-11 07:12:35'),
(74, NULL, 'consequuntur', 2, '2015-03-18 19:50:52', '1984-06-24 11:54:15'),
(75, NULL, 'eaque', 1, '2010-08-05 13:01:35', '1996-10-22 20:45:01'),
(76, NULL, 'eum', 2, '2001-01-28 05:49:53', '2008-05-01 16:40:02'),
(77, NULL, 'soluta', 1, '2000-12-30 12:33:41', '2008-07-25 08:22:44'),
(78, NULL, 'asperiores', 2, '2010-04-07 03:51:26', '2005-10-21 16:44:20'),
(79, NULL, 'eveniet', 1, '2005-12-28 10:02:49', '1975-01-06 15:01:06'),
(80, NULL, 'incidunt', 2, '2011-03-31 06:02:34', '2005-12-06 00:55:27'),
(81, NULL, 'error', 1, '1991-02-06 20:28:21', '1991-10-17 15:37:10'),
(82, NULL, 'mollitia', 2, '1984-07-06 06:21:39', '2010-10-25 08:13:04'),
(83, NULL, 'voluptatem', 1, '2008-09-08 05:05:35', '1996-07-21 17:30:19'),
(84, NULL, 'dolorem', 2, '2017-02-12 14:38:49', '2008-08-13 17:01:42'),
(85, NULL, 'nihil', 1, '1973-11-12 09:28:51', '1980-01-16 05:53:28'),
(86, NULL, 'eveniet', 2, '1976-05-06 19:00:04', '1999-06-01 00:49:35'),
(87, NULL, 'ut', 1, '2011-01-04 02:58:57', '1999-05-07 02:48:24'),
(88, NULL, 'accusamus', 2, '2006-11-27 04:05:18', '1975-06-05 08:15:58'),
(89, NULL, 'et', 1, '1990-06-26 22:34:33', '2014-03-30 00:08:53'),
(90, NULL, 'cum', 2, '2015-01-18 13:25:29', '1984-03-06 14:33:05'),
(91, NULL, 'dolores', 1, '1986-04-05 03:11:29', '1980-10-24 16:55:18'),
(92, NULL, 'reprehenderit', 2, '1996-05-28 07:52:03', '1990-07-16 15:26:25'),
(93, NULL, 'dolorem', 1, '1989-10-22 06:03:37', '2006-05-12 14:56:07'),
(94, NULL, 'molestias', 2, '1978-03-01 06:35:14', '1989-02-14 20:20:38'),
(95, NULL, 'vero', 1, '2002-03-02 00:30:43', '1978-03-07 16:36:20'),
(96, NULL, 'repellat', 2, '1981-05-16 08:31:07', '1991-02-27 08:03:10'),
(97, NULL, 'consequatur', 1, '2017-03-17 10:48:11', '2007-11-19 10:29:24'),
(98, NULL, 'sunt', 2, '2010-10-04 22:36:08', '1994-05-05 04:49:00'),
(99, NULL, 'recusandae', 1, '1980-09-21 11:02:18', '1971-04-23 16:46:55'),
(100, NULL, 'ipsum', 2, '1990-11-16 10:54:47', '1990-04-03 22:39:50'),
(101, NULL, 'crc', 1, NULL, NULL),
(102, NULL, 'plastic', 2, NULL, NULL),
(103, NULL, 'AFWEF', 1, NULL, NULL),
(104, NULL, 'awef', 1, NULL, NULL),
(105, NULL, 'as', 2, NULL, NULL);

-- --------------------------------------------------------

--
-- Table structure for table `provider`
--

CREATE TABLE `provider` (
  `provider_id` int(10) UNSIGNED NOT NULL,
  `name` varchar(255) COLLATE utf8mb4_unicode_ci NOT NULL
) ENGINE=InnoDB DEFAULT CHARSET=utf8mb4 COLLATE=utf8mb4_unicode_ci;

--
-- Dumping data for table `provider`
--

INSERT INTO `provider` (`provider_id`, `name`) VALUES
(1, 'test_provider'),
(2, 'test_provider2');

-- --------------------------------------------------------

--
-- Table structure for table `purchase_order`
--

CREATE TABLE `purchase_order` (
  `po_id` int(10) UNSIGNED NOT NULL,
  `recipient` varchar(191) COLLATE utf8mb4_unicode_ci NOT NULL,
  `supplier_id` int(11) NOT NULL,
  `to_address` varchar(255) COLLATE utf8mb4_unicode_ci NOT NULL,
  `status` enum('Ongoing','Delivered') COLLATE utf8mb4_unicode_ci NOT NULL DEFAULT 'Ongoing',
  `date` timestamp NOT NULL DEFAULT CURRENT_TIMESTAMP ON UPDATE CURRENT_TIMESTAMP,
  `product_id` int(11) NOT NULL,
  `total` int(11) NOT NULL,
  `deliveryNo` varchar(255) COLLATE utf8mb4_unicode_ci NOT NULL,
  `quantity_ordered` int(11) NOT NULL,
  `item_recieved` int(11) DEFAULT '0'
) ENGINE=InnoDB DEFAULT CHARSET=utf8mb4 COLLATE=utf8mb4_unicode_ci;

--
-- Dumping data for table `purchase_order`
--

INSERT INTO `purchase_order` (`po_id`, `recipient`, `supplier_id`, `to_address`, `status`, `date`, `product_id`, `total`, `deliveryNo`, `quantity_ordered`, `item_recieved`) VALUES
(114, 'Jeff', 1, 'Jeff Off\'s Road, Irisan Road', 'Ongoing', '2019-11-22 01:17:01', 26, 22536, '100', 3, 0),
(115, 'Jeff', 1, 'Jeff Off\'s Road, Irisan Road', 'Ongoing', '2019-11-22 01:17:01', 27, 82632, '100', 11, 0),
(116, 'Arnel', 1, 'Balili', 'Ongoing', '2019-11-22 02:59:48', 26, 16194, '215', 1, 0),
(117, 'Arnel', 1, 'Balili', 'Ongoing', '2019-11-22 02:59:48', 27, 32388, '215', 2, 0),
(118, 'Arnel', 1, 'Balili', 'Ongoing', '2019-11-22 02:59:48', 28, 48582, '215', 3, 0);

-- --------------------------------------------------------

--
-- Table structure for table `service`
--

CREATE TABLE `service` (
  `service_id` int(10) NOT NULL,
  `name` varchar(256) NOT NULL
) ENGINE=MyISAM DEFAULT CHARSET=latin1;

--
-- Dumping data for table `service`
--

INSERT INTO `service` (`service_id`, `name`) VALUES
(1, 'Wheel Alignment'),
(2, 'Lifting'),
(3, 'Restoration'),
(4, 'Vehicle Painting'),
(5, 'Production Installation'),
(6, 'Others');

-- --------------------------------------------------------

--
-- Table structure for table `supplier`
--

CREATE TABLE `supplier` (
  `supplier_id` int(10) NOT NULL,
  `name` varchar(256) NOT NULL,
  `address` varchar(256) NOT NULL,
  `contact_no` varchar(16) NOT NULL,
  `date_created` datetime NOT NULL,
  `date_updated` timestamp NOT NULL DEFAULT CURRENT_TIMESTAMP ON UPDATE CURRENT_TIMESTAMP
) ENGINE=MyISAM DEFAULT CHARSET=latin1;

--
-- Dumping data for table `supplier`
--

INSERT INTO `supplier` (`supplier_id`, `name`, `address`, `contact_no`, `date_created`, `date_updated`) VALUES
(1, 'Juan Dela Cruz', 'Manila, Philippines', '09105670562', '2019-11-08 00:00:00', '2019-12-16 16:27:21'),
(2, 'Darryl Dagoat', 'Quezon City, Philippines', '09453224533', '2019-12-17 00:00:00', '2019-12-16 16:37:49');

-- --------------------------------------------------------

--
-- Table structure for table `transaction2`
--

CREATE TABLE `transaction2` (
  `transaction2_id` int(11) NOT NULL,
  `client_id` int(11) NOT NULL,
  `product_id` int(11) NOT NULL,
  `quantity` int(11) NOT NULL,
  `Total` double(11,2) NOT NULL,
  `date_created` datetime NOT NULL,
  `update_stamp` timestamp NOT NULL DEFAULT CURRENT_TIMESTAMP ON UPDATE CURRENT_TIMESTAMP,
  `discount` int(11) NOT NULL
) ENGINE=InnoDB DEFAULT CHARSET=latin1;

--
-- Dumping data for table `transaction2`
--

INSERT INTO `transaction2` (`transaction2_id`, `client_id`, `product_id`, `quantity`, `Total`, `date_created`, `update_stamp`, `discount`) VALUES
(1, 3, 26, 5, 555.00, '2019-11-05 00:00:00', '2019-11-22 00:41:20', 0),
(2, 1011, 26, 1, 12.00, '2019-12-29 12:21:59', '2019-12-29 12:21:59', 0),
(3, 1012, 26, 5, 54.00, '2019-12-29 12:25:56', '2019-12-29 12:25:56', 10),
(4, 1012, 44, 6, 540.00, '2019-12-29 12:25:56', '2019-12-29 12:25:56', 50),
(5, 1013, 43, 25, 1625.00, '2019-12-29 13:29:20', '2019-12-29 13:29:20', 50),
(6, 1014, 26, 2, 23.76, '2020-01-07 03:39:09', '2020-01-07 03:39:09', 1),
(7, 4, 46, 1, 346.50, '2020-01-07 04:00:09', '2020-01-07 04:00:09', 1);

-- --------------------------------------------------------

--
-- Table structure for table `transactions`
--

CREATE TABLE `transactions` (
  `tId` int(10) UNSIGNED NOT NULL,
  `client_id` int(10) UNSIGNED NOT NULL,
  `vehicle_id` int(11) DEFAULT NULL,
  `product_id` int(10) UNSIGNED NOT NULL,
  `quantity` int(11) NOT NULL,
  `orig_quantity` int(11) NOT NULL,
  `service` enum('Repair and Maintenance','Lifting','Wheel Alignment','Painting','N/A') COLLATE utf8mb4_unicode_ci NOT NULL DEFAULT 'N/A',
  `status` enum('Pending','Ongoing','Rendered','Cancelled') COLLATE utf8mb4_unicode_ci NOT NULL DEFAULT 'Pending',
  `price` int(11) NOT NULL,
  `created_at` timestamp NULL DEFAULT NULL,
  `updated_at` timestamp NULL DEFAULT NULL
) ENGINE=InnoDB DEFAULT CHARSET=utf8mb4 COLLATE=utf8mb4_unicode_ci;

--
-- Dumping data for table `transactions`
--

INSERT INTO `transactions` (`tId`, `client_id`, `vehicle_id`, `product_id`, `quantity`, `orig_quantity`, `service`, `status`, `price`, `created_at`, `updated_at`) VALUES
(501, 3, 1, 35, 2, 20, 'Wheel Alignment', 'Rendered', 24, NULL, NULL),
(502, 3, 2, 35, 2, 12, 'Lifting', 'Cancelled', 24, NULL, NULL);

-- --------------------------------------------------------

--
-- Table structure for table `users`
--

CREATE TABLE `users` (
  `id` int(10) UNSIGNED NOT NULL,
  `username` varchar(191) COLLATE utf8mb4_unicode_ci NOT NULL,
  `name` varchar(191) COLLATE utf8mb4_unicode_ci NOT NULL,
  `admin` tinyint(1) NOT NULL DEFAULT '0',
  `email` varchar(191) COLLATE utf8mb4_unicode_ci NOT NULL,
  `email_verified_at` timestamp NULL DEFAULT NULL,
  `password` varchar(191) COLLATE utf8mb4_unicode_ci NOT NULL,
  `remember_token` varchar(100) COLLATE utf8mb4_unicode_ci DEFAULT NULL,
  `created_at` timestamp NULL DEFAULT NULL,
  `updated_at` timestamp NULL DEFAULT NULL,
  `role` enum('Administrator','Secretary') COLLATE utf8mb4_unicode_ci NOT NULL DEFAULT 'Secretary',
  `is_admin` tinyint(1) DEFAULT NULL
) ENGINE=InnoDB DEFAULT CHARSET=utf8mb4 COLLATE=utf8mb4_unicode_ci;

--
-- Dumping data for table `users`
--

INSERT INTO `users` (`id`, `username`, `name`, `admin`, `email`, `email_verified_at`, `password`, `remember_token`, `created_at`, `updated_at`, `role`, `is_admin`) VALUES
(4, 'owner', 'Owner', 1, 'owner@jeff.ph', NULL, '$2y$10$h1y41nzKMAtJdr1e6WI25O1wAQz3KwjJe.diBBZVcFDQ76Iw01AOW', 'bxrVhA12i0tvpLWcrh6szpXP3qoK2oNe2V3FVznsUYMZOxwuEVaSDxxTVPVL', '2019-09-10 07:21:26', '2019-09-10 07:21:26', 'Secretary', NULL);

-- --------------------------------------------------------

--
-- Table structure for table `vehicles`
--

CREATE TABLE `vehicles` (
  `vehicle_id` int(11) NOT NULL,
  `client_id` int(11) NOT NULL,
  `plate_no` varchar(255) NOT NULL,
  `type` varchar(255) NOT NULL,
  `model` varchar(255) NOT NULL,
  `color` varchar(255) NOT NULL,
  `description` varchar(255) NOT NULL,
  `date_created` datetime NOT NULL,
  `date_updated` timestamp NOT NULL DEFAULT CURRENT_TIMESTAMP ON UPDATE CURRENT_TIMESTAMP
) ENGINE=InnoDB DEFAULT CHARSET=latin1;

--
-- Dumping data for table `vehicles`
--

INSERT INTO `vehicles` (`vehicle_id`, `client_id`, `plate_no`, `type`, `model`, `color`, `description`, `date_created`, `date_updated`) VALUES
(1, 3, 'ZXC-987', 'Jeepney', '2019', 'Red', '4 wheels', '2019-12-15 00:00:00', '2019-12-17 08:43:20'),
(2, 3, 'ZXC-999', 'Ford', '2015', 'Black', '3 wheels', '0000-00-00 00:00:00', '2020-01-12 06:13:23');

--
-- Indexes for dumped tables
--

--
-- Indexes for table `brand`
--
ALTER TABLE `brand`
  ADD PRIMARY KEY (`brand_id`);

--
-- Indexes for table `category`
--
ALTER TABLE `category`
  ADD PRIMARY KEY (`category_id`),
  ADD UNIQUE KEY `category_id` (`category_id`);

--
-- Indexes for table `clients`
--
ALTER TABLE `clients`
  ADD PRIMARY KEY (`client_id`);

--
-- Indexes for table `deliveries`
--
ALTER TABLE `deliveries`
  ADD PRIMARY KEY (`id`);

--
-- Indexes for table `joborders`
--
ALTER TABLE `joborders`
  ADD PRIMARY KEY (`id`);

--
-- Indexes for table `job_order`
--
ALTER TABLE `job_order`
  ADD PRIMARY KEY (`jo_id`);

--
-- Indexes for table `mechanic`
--
ALTER TABLE `mechanic`
  ADD PRIMARY KEY (`mechanic_id`);

--
-- Indexes for table `migrations`
--
ALTER TABLE `migrations`
  ADD PRIMARY KEY (`id`);

--
-- Indexes for table `password_resets`
--
ALTER TABLE `password_resets`
  ADD KEY `password_resets_email_index` (`email`);

--
-- Indexes for table `products`
--
ALTER TABLE `products`
  ADD PRIMARY KEY (`product_id`);

--
-- Indexes for table `product_details`
--
ALTER TABLE `product_details`
  ADD PRIMARY KEY (`product_id`),
  ADD KEY `category_id` (`category_id`);

--
-- Indexes for table `provider`
--
ALTER TABLE `provider`
  ADD PRIMARY KEY (`provider_id`);

--
-- Indexes for table `purchase_order`
--
ALTER TABLE `purchase_order`
  ADD PRIMARY KEY (`po_id`);

--
-- Indexes for table `service`
--
ALTER TABLE `service`
  ADD PRIMARY KEY (`service_id`);

--
-- Indexes for table `supplier`
--
ALTER TABLE `supplier`
  ADD PRIMARY KEY (`supplier_id`),
  ADD UNIQUE KEY `name` (`name`);

--
-- Indexes for table `transaction2`
--
ALTER TABLE `transaction2`
  ADD PRIMARY KEY (`transaction2_id`),
  ADD UNIQUE KEY `transaction2_id` (`transaction2_id`),
  ADD KEY `client_id` (`client_id`);

--
-- Indexes for table `transactions`
--
ALTER TABLE `transactions`
  ADD PRIMARY KEY (`tId`),
  ADD KEY `transactions_client_id_foreign` (`client_id`),
  ADD KEY `transactions_product_id_foreign` (`product_id`),
  ADD KEY `vehicle_id` (`vehicle_id`);

--
-- Indexes for table `users`
--
ALTER TABLE `users`
  ADD PRIMARY KEY (`id`),
  ADD UNIQUE KEY `users_email_unique` (`email`);

--
-- Indexes for table `vehicles`
--
ALTER TABLE `vehicles`
  ADD PRIMARY KEY (`vehicle_id`),
  ADD UNIQUE KEY `plate_no` (`plate_no`),
  ADD UNIQUE KEY `vehicle_id` (`vehicle_id`);

--
-- AUTO_INCREMENT for dumped tables
--

--
-- AUTO_INCREMENT for table `brand`
--
ALTER TABLE `brand`
  MODIFY `brand_id` int(10) NOT NULL AUTO_INCREMENT;

--
-- AUTO_INCREMENT for table `category`
--
ALTER TABLE `category`
  MODIFY `category_id` int(11) NOT NULL AUTO_INCREMENT, AUTO_INCREMENT=7;

--
-- AUTO_INCREMENT for table `clients`
--
ALTER TABLE `clients`
  MODIFY `client_id` int(10) UNSIGNED NOT NULL AUTO_INCREMENT, AUTO_INCREMENT=1015;

--
-- AUTO_INCREMENT for table `deliveries`
--
ALTER TABLE `deliveries`
  MODIFY `id` int(11) NOT NULL AUTO_INCREMENT, AUTO_INCREMENT=20;

--
-- AUTO_INCREMENT for table `joborders`
--
ALTER TABLE `joborders`
  MODIFY `id` int(11) NOT NULL AUTO_INCREMENT, AUTO_INCREMENT=13;

--
-- AUTO_INCREMENT for table `job_order`
--
ALTER TABLE `job_order`
  MODIFY `jo_id` int(10) UNSIGNED NOT NULL AUTO_INCREMENT, AUTO_INCREMENT=9;

--
-- AUTO_INCREMENT for table `mechanic`
--
ALTER TABLE `mechanic`
  MODIFY `mechanic_id` int(10) NOT NULL AUTO_INCREMENT, AUTO_INCREMENT=4;

--
-- AUTO_INCREMENT for table `migrations`
--
ALTER TABLE `migrations`
  MODIFY `id` int(10) UNSIGNED NOT NULL AUTO_INCREMENT, AUTO_INCREMENT=11;

--
-- AUTO_INCREMENT for table `products`
--
ALTER TABLE `products`
  MODIFY `product_id` int(10) UNSIGNED NOT NULL AUTO_INCREMENT, AUTO_INCREMENT=106;

--
-- AUTO_INCREMENT for table `provider`
--
ALTER TABLE `provider`
  MODIFY `provider_id` int(10) UNSIGNED NOT NULL AUTO_INCREMENT, AUTO_INCREMENT=3;

--
-- AUTO_INCREMENT for table `purchase_order`
--
ALTER TABLE `purchase_order`
  MODIFY `po_id` int(10) UNSIGNED NOT NULL AUTO_INCREMENT, AUTO_INCREMENT=119;

--
-- AUTO_INCREMENT for table `service`
--
ALTER TABLE `service`
  MODIFY `service_id` int(10) NOT NULL AUTO_INCREMENT, AUTO_INCREMENT=7;

--
-- AUTO_INCREMENT for table `supplier`
--
ALTER TABLE `supplier`
  MODIFY `supplier_id` int(10) NOT NULL AUTO_INCREMENT, AUTO_INCREMENT=3;

--
-- AUTO_INCREMENT for table `transaction2`
--
ALTER TABLE `transaction2`
  MODIFY `transaction2_id` int(11) NOT NULL AUTO_INCREMENT, AUTO_INCREMENT=8;

--
-- AUTO_INCREMENT for table `transactions`
--
ALTER TABLE `transactions`
  MODIFY `tId` int(10) UNSIGNED NOT NULL AUTO_INCREMENT, AUTO_INCREMENT=503;

--
-- AUTO_INCREMENT for table `users`
--
ALTER TABLE `users`
  MODIFY `id` int(10) UNSIGNED NOT NULL AUTO_INCREMENT, AUTO_INCREMENT=5;

--
-- AUTO_INCREMENT for table `vehicles`
--
ALTER TABLE `vehicles`
  MODIFY `vehicle_id` int(11) NOT NULL AUTO_INCREMENT, AUTO_INCREMENT=3;

--
-- Constraints for dumped tables
--

--
-- Constraints for table `product_details`
--
ALTER TABLE `product_details`
  ADD CONSTRAINT `product_details_ibfk_1` FOREIGN KEY (`category_id`) REFERENCES `category` (`category_id`),
  ADD CONSTRAINT `product_details_product_id_foreign` FOREIGN KEY (`product_id`) REFERENCES `products` (`product_id`) ON DELETE CASCADE;

--
-- Constraints for table `transactions`
--
ALTER TABLE `transactions`
  ADD CONSTRAINT `transactions_client_id_foreign` FOREIGN KEY (`client_id`) REFERENCES `clients` (`client_id`) ON DELETE CASCADE,
  ADD CONSTRAINT `transactions_ibfk_1` FOREIGN KEY (`vehicle_id`) REFERENCES `vehicles` (`vehicle_id`),
  ADD CONSTRAINT `transactions_product_id_foreign` FOREIGN KEY (`product_id`) REFERENCES `products` (`product_id`) ON DELETE CASCADE;
COMMIT;

/*!40101 SET CHARACTER_SET_CLIENT=@OLD_CHARACTER_SET_CLIENT */;
/*!40101 SET CHARACTER_SET_RESULTS=@OLD_CHARACTER_SET_RESULTS */;
/*!40101 SET COLLATION_CONNECTION=@OLD_COLLATION_CONNECTION */;
